{"materials":[{"id":458,"path":"Resources/unity_builtin_extra\\Sprites-Default","assetBundleId":-2,"data":["Sprites-Default",0,28,3000,0,[["PixelSnap",0],["_EnableExternalAlpha",0]],[["_Color",1,1,1,1],["_RendererColor",1,1,1,1]],[["_MainTex_ST",1,1,0,0],["_Flip",1,1,1,1],["_AlphaTex_ST",1,1,0,0]],[["_MainTex",null,null],["_AlphaTex",null,null]],[]]}],"shaders":[{"id":176,"assetBundleId":-2,"data":[[],"Particles/Standard Unlit",null,["SHADOWS_DEPTH","_ALPHABLEND_ON","_ALPHAMODULATE_ON","_ALPHAPREMULTIPLY_ON","_ALPHATEST_ON","_COLORADDSUBDIFF_ON","_COLORCOLOR_ON","_COLOROVERLAY_ON","_REQUIRE_UV2","FOG_EXP","FOG_EXP2","FOG_LINEAR","_EMISSION","_FADING_ON","_NORMALMAP","INSTANCING_ON","PROCEDURAL_INSTANCING_ON","SHADOWS_CUBE","STEREO_CUBEMAP_RENDER_ON","STEREO_INSTANCING_ON","STEREO_MULTIVIEW_ON","UNITY_SINGLE_PASS_STEREO","__","_","EFFECT_BUMP","SOFTPARTICLES_ON"],[[0,0,"",0,"_GrabTexture",0,[0,null],[0,null],[0,null],[[1,null],[0,null],[0,null]],[[1,null],[0,null],[0,null]],[15,null],[0,null],[0,null],[0,null],[0,null],[0,null],[[0,null],[0,null],[0,null],[0,null]],[[0,null],[0,null],[0,null],[0,null]],[[0,null],[0,null],[0,null],[0,null]],[["LIGHTMODE","GRABPASS"]],[],[],[],[],0],[1,0,"ShadowCaster",8,"",0,[4,null],[1,null],[0,null],[[1,null],[0,null],[0,null]],[[1,null],[0,null],[0,null]],[14,null],[0,null],[0,null],[0,null],[255,null],[255,null],[[0,null],[0,null],[0,null],[8,null]],[[0,null],[0,null],[0,null],[8,null]],[[0,null],[0,null],[0,null],[8,null]],[["IGNOREPROJECTOR","true"],["LIGHTMODE","SHADOWCASTER"],["PerformanceChecks","False"],["PreviewType","Plane"],["RenderType","Opaque"],["SHADOWSUPPORT","true"]],["INSTANCING_ON","PROCEDURAL_INSTANCING_ON","SHADOWS_CUBE","SHADOWS_DEPTH","STEREO_CUBEMAP_RENDER_ON","STEREO_INSTANCING_ON","STEREO_MULTIVIEW_ON","UNITY_SINGLE_PASS_STEREO","_ALPHABLEND_ON","_ALPHAMODULATE_ON","_ALPHAPREMULTIPLY_ON","_ALPHATEST_ON","_COLORADDSUBDIFF_ON","_COLORCOLOR_ON","_COLOROVERLAY_ON","_REQUIRE_UV2","__","_"],[[["__","INSTANCING_ON","PROCEDURAL_INSTANCING_ON"],1],[["_","_ALPHATEST_ON","_ALPHABLEND_ON","_ALPHAPREMULTIPLY_ON","_ALPHAMODULATE_ON"],1],[["_","_REQUIRE_UV2"],1],[["SHADOWS_DEPTH"],0],[["SHADOWS_CUBE"],0]],[[1,0,["SHADOWS_DEPTH"],11,12,1,0],[1,0,["SHADOWS_DEPTH","_ALPHABLEND_ON"],13,14,1,0],[1,0,["SHADOWS_DEPTH","_ALPHABLEND_ON","_COLORCOLOR_ON"],13,14,1,0]],[],0],[2,0,"",0,"",0,[4,null],[0,"_ZWrite"],[0,"_Cull"],[[0,"_SrcBlend"],[0,"_DstBlend"],[0,"_BlendOp"]],[[0,"_SrcBlend"],[0,"_DstBlend"],[0,"_BlendOp"]],[14,null],[0,null],[0,null],[0,null],[255,null],[255,null],[[0,null],[0,null],[0,null],[8,null]],[[0,null],[0,null],[0,null],[8,null]],[[0,null],[0,null],[0,null],[8,null]],[["IGNOREPROJECTOR","true"],["PerformanceChecks","False"],["PreviewType","Plane"],["RenderType","Opaque"]],["EFFECT_BUMP","FOG_EXP","FOG_EXP2","FOG_LINEAR","INSTANCING_ON","PROCEDURAL_INSTANCING_ON","SOFTPARTICLES_ON","STEREO_CUBEMAP_RENDER_ON","STEREO_INSTANCING_ON","STEREO_MULTIVIEW_ON","UNITY_SINGLE_PASS_STEREO","_ALPHABLEND_ON","_ALPHAMODULATE_ON","_ALPHAPREMULTIPLY_ON","_ALPHATEST_ON","_COLORADDSUBDIFF_ON","_COLORCOLOR_ON","_COLOROVERLAY_ON","_EMISSION","_FADING_ON","_NORMALMAP","_REQUIRE_UV2","__","_"],[[["__","INSTANCING_ON","PROCEDURAL_INSTANCING_ON"],1],[["_","_REQUIRE_UV2"],1]],[[2,0,[],15,16,1,0],[2,0,["_ALPHABLEND_ON","_COLORCOLOR_ON"],15,17,1,0]],[],0]],[],[["_MainTex",4,0,0,0,0,"white",0],["_Color",0,1,1,1,1,"",0],["_Cutoff",3,0.5,0,1,0,"",0],["_BumpScale",2,1,0,0,0,"",0],["_BumpMap",4,0,0,0,0,"bump",0],["_EmissionColor",0,0,0,0,1,"",0],["_EmissionMap",4,0,0,0,0,"white",0],["_DistortionStrength",2,1,0,0,0,"",0],["_DistortionBlend",3,0.5,0,1,0,"",0],["_SoftParticlesNearFadeDistance",2,0,0,0,0,"",0],["_SoftParticlesFarFadeDistance",2,1,0,0,0,"",0],["_CameraNearFadeDistance",2,1,0,0,0,"",0],["_CameraFarFadeDistance",2,2,0,0,0,"",0],["_Mode",2,0,0,0,0,"",1],["_ColorMode",2,0,0,0,0,"",1],["_FlipbookMode",2,0,0,0,0,"",1],["_LightingEnabled",2,0,0,0,0,"",1],["_DistortionEnabled",2,0,0,0,0,"",1],["_EmissionEnabled",2,0,0,0,0,"",1],["_BlendOp",2,0,0,0,0,"",1],["_SrcBlend",2,1,0,0,0,"",1],["_DstBlend",2,0,0,0,0,"",1],["_ZWrite",2,1,0,0,0,"",1],["_Cull",2,2,0,0,0,"",1],["_SoftParticlesEnabled",2,0,0,0,0,"",1],["_CameraFadingEnabled",2,0,0,0,0,"",1],["_SoftParticleFadeParams",1,0,0,0,0,"",1],["_CameraFadeParams",1,0,0,0,0,"",1],["_ColorAddSubDiff",1,0,0,0,0,"",1],["_DistortionStrengthScaled",2,0,0,0,0,"",1]],0,70,0,0,0]},{"id":30,"assetBundleId":-2,"data":[[],"UI/Default",null,["UNITY_UI_ALPHACLIP","UNITY_UI_CLIP_RECT","STEREO_CUBEMAP_RENDER_ON","STEREO_INSTANCING_ON","STEREO_MULTIVIEW_ON","UNITY_SINGLE_PASS_STEREO","_"],[[0,0,"Default",0,"",0,[0,"unity_GUIZTestMode"],[0,null],[0,null],[[1,null],[10,null],[0,null]],[[1,null],[10,null],[0,null]],[0,"_ColorMask"],[0,null],[0,null],[0,"_Stencil"],[0,"_StencilReadMask"],[0,"_StencilWriteMask"],[[0,"_StencilOp"],[0,null],[0,null],[0,"_StencilComp"]],[[0,null],[0,null],[0,null],[8,null]],[[0,null],[0,null],[0,null],[8,null]],[["CanUseSpriteAtlas","true"],["IGNOREPROJECTOR","true"],["PreviewType","Plane"],["QUEUE","Transparent"],["RenderType","Transparent"]],["STEREO_CUBEMAP_RENDER_ON","STEREO_INSTANCING_ON","STEREO_MULTIVIEW_ON","UNITY_SINGLE_PASS_STEREO","UNITY_UI_ALPHACLIP","UNITY_UI_CLIP_RECT","_"],[[["_","UNITY_UI_CLIP_RECT"],1],[["_","UNITY_UI_ALPHACLIP"],1]],[[0,0,[],18,19,1,0],[0,0,["UNITY_UI_ALPHACLIP"],18,20,1,0],[0,0,["UNITY_UI_CLIP_RECT"],18,21,1,0],[0,0,["UNITY_UI_ALPHACLIP","UNITY_UI_CLIP_RECT"],18,22,1,0]],[],0]],[],[["_MainTex",4,0,0,0,0,"white",2],["_Color",0,1,1,1,1,"",0],["_StencilComp",2,8,0,0,0,"",0],["_Stencil",2,0,0,0,0,"",0],["_StencilOp",2,0,0,0,0,"",0],["_StencilWriteMask",2,255,0,0,0,"",0],["_StencilReadMask",2,255,0,0,0,"",0],["_ColorMask",2,15,0,0,0,"",0],["_UseUIAlphaClip",2,0,0,0,0,"",0]],null,null,0,0,0]},{"id":28,"assetBundleId":-2,"data":[[],"Sprites/Default",null,["PIXELSNAP_ON","ETC1_EXTERNAL_ALPHA","INSTANCING_ON","STEREO_CUBEMAP_RENDER_ON","STEREO_INSTANCING_ON","STEREO_MULTIVIEW_ON","UNITY_SINGLE_PASS_STEREO","_","__"],[[0,0,"",0,"",0,[4,null],[0,null],[0,null],[[1,null],[10,null],[0,null]],[[1,null],[10,null],[0,null]],[15,null],[0,null],[0,null],[0,null],[255,null],[255,null],[[0,null],[0,null],[0,null],[8,null]],[[0,null],[0,null],[0,null],[8,null]],[[0,null],[0,null],[0,null],[8,null]],[["CanUseSpriteAtlas","true"],["IGNOREPROJECTOR","true"],["PreviewType","Plane"],["QUEUE","Transparent"],["RenderType","Transparent"]],["ETC1_EXTERNAL_ALPHA","INSTANCING_ON","PIXELSNAP_ON","STEREO_CUBEMAP_RENDER_ON","STEREO_INSTANCING_ON","STEREO_MULTIVIEW_ON","UNITY_SINGLE_PASS_STEREO","_","__"],[[["_","ETC1_EXTERNAL_ALPHA"],1],[["__","INSTANCING_ON"],1],[["_","PIXELSNAP_ON"],1]],[[0,0,[],23,24,1,0],[0,0,["PIXELSNAP_ON"],25,24,1,0]],[],0]],[],[["_MainTex",4,0,0,0,0,"white",2],["_Color",0,1,1,1,1,"",0],["PixelSnap",2,0,0,0,0,"",0],["_RendererColor",0,1,1,1,1,"",1],["_Flip",1,1,1,1,1,"",1],["_AlphaTex",4,0,0,0,0,"white",2],["_EnableExternalAlpha",2,0,0,0,0,"",2]],null,null,0,0,0]},{"id":50,"assetBundleId":-2,"data":[[],"Hidden/BlitCopy",null,["STEREO_CUBEMAP_RENDER_ON","STEREO_INSTANCING_ON","STEREO_MULTIVIEW_ON","UNITY_SINGLE_PASS_STEREO"],[[0,0,"",0,"",0,[8,null],[0,null],[0,null],[[1,null],[0,null],[0,null]],[[1,null],[0,null],[0,null]],[15,null],[0,null],[0,null],[0,null],[255,null],[255,null],[[0,null],[0,null],[0,null],[8,null]],[[0,null],[0,null],[0,null],[8,null]],[[0,null],[0,null],[0,null],[8,null]],[],["STEREO_CUBEMAP_RENDER_ON","STEREO_INSTANCING_ON","STEREO_MULTIVIEW_ON","UNITY_SINGLE_PASS_STEREO"],[],[[0,0,[],52,53,1,0]],[],0]],[],[["_MainTex",4,0,0,0,0,"",0],["_Color",0,1,1,1,1,"",0]],null,null,0,0,0]},{"id":70,"assetBundleId":-2,"data":[[],"Legacy Shaders/VertexLit",null,["FOG_EXP","FOG_EXP2","FOG_LINEAR","POINT","SPOT","SHADOWS_DEPTH","STEREO_CUBEMAP_RENDER_ON","STEREO_INSTANCING_ON","STEREO_MULTIVIEW_ON","UNITY_SINGLE_PASS_STEREO","_","__","INSTANCING_ON","SHADOWS_CUBE"],[[0,0,"",1,"",0,[4,null],[1,null],[2,null],[[1,null],[0,null],[0,null]],[[1,null],[0,null],[0,null]],[15,null],[0,null],[0,null],[0,null],[255,null],[255,null],[[0,null],[0,null],[0,null],[8,null]],[[0,null],[0,null],[0,null],[8,null]],[[0,null],[0,null],[0,null],[8,null]],[["LIGHTMODE","Vertex"],["RenderType","Opaque"]],["FOG_EXP","FOG_EXP2","FOG_LINEAR","POINT","SPOT","STEREO_CUBEMAP_RENDER_ON","STEREO_INSTANCING_ON","STEREO_MULTIVIEW_ON","UNITY_SINGLE_PASS_STEREO","_"],[[["_","FOG_LINEAR","FOG_EXP","FOG_EXP2"],1],[["_","POINT","SPOT"],1]],[[0,0,[],54,55,1,0],[0,0,["POINT"],56,55,1,0],[0,0,["SPOT"],57,55,1,0]],[],0],[1,0,"",2,"",0,[4,null],[1,null],[2,null],[[1,null],[0,null],[0,null]],[[1,null],[0,null],[0,null]],[15,null],[0,null],[0,null],[0,null],[255,null],[255,null],[[0,null],[0,null],[0,null],[8,null]],[[0,null],[0,null],[0,null],[8,null]],[[0,null],[0,null],[0,null],[8,null]],[["LIGHTMODE","VertexLM"],["RenderType","Opaque"]],["FOG_EXP","FOG_EXP2","FOG_LINEAR","STEREO_CUBEMAP_RENDER_ON","STEREO_INSTANCING_ON","STEREO_MULTIVIEW_ON","UNITY_SINGLE_PASS_STEREO","__"],[[["__","FOG_LINEAR","FOG_EXP","FOG_EXP2"],1]],[[1,0,[],58,59,1,0]],[],0],[2,0,"ShadowCaster",8,"",0,[4,null],[1,null],[2,null],[[1,null],[0,null],[0,null]],[[1,null],[0,null],[0,null]],[15,null],[0,null],[0,null],[0,null],[255,null],[255,null],[[0,null],[0,null],[0,null],[8,null]],[[0,null],[0,null],[0,null],[8,null]],[[0,null],[0,null],[0,null],[8,null]],[["LIGHTMODE","SHADOWCASTER"],["RenderType","Opaque"],["SHADOWSUPPORT","true"]],["INSTANCING_ON","SHADOWS_CUBE","SHADOWS_DEPTH","STEREO_CUBEMAP_RENDER_ON","STEREO_INSTANCING_ON","STEREO_MULTIVIEW_ON","UNITY_SINGLE_PASS_STEREO","__"],[[["__","INSTANCING_ON"],1],[["SHADOWS_DEPTH"],0],[["SHADOWS_CUBE"],0]],[[2,0,["SHADOWS_DEPTH"],11,60,1,0]],[],0]],[],[["_Color",0,1,1,1,1,"",0],["_SpecColor",0,1,1,1,1,"",0],["_Emission",0,0,0,0,0,"",0],["_Shininess",3,0.699999988079071,0.00999999977648258,1,0,"",0],["_MainTex",4,0,0,0,0,"white",0]],null,null,0,0,0]},{"id":66,"assetBundleId":-2,"data":[[],"Standard",null,["DIRECTIONAL","DIRLIGHTMAP_COMBINED","FOG_EXP","FOG_EXP2","FOG_LINEAR","LIGHTMAP_ON","LIGHTPROBE_SH","SHADOWS_SCREEN","SHADOWS_SHADOWMASK","VERTEXLIGHT_ON","_ALPHABLEND_ON","_ALPHAPREMULTIPLY_ON","_ALPHATEST_ON","_EMISSION","_GLOSSYREFLECTIONS_OFF","_METALLICGLOSSMAP","_NORMALMAP","_PARALLAXMAP","_SMOOTHNESS_TEXTURE_ALBEDO_CHANNEL_A","_SPECULARHIGHLIGHTS_OFF","DIRECTIONAL_COOKIE","POINT","POINT_COOKIE","SHADOWS_DEPTH","SPOT","DYNAMICLIGHTMAP_ON","INSTANCING_ON","LIGHTMAP_SHADOW_MIXING","STEREO_CUBEMAP_RENDER_ON","STEREO_INSTANCING_ON","STEREO_MULTIVIEW_ON","UNITY_SINGLE_PASS_STEREO","_DETAIL_MULX2","__","_","SHADOWS_CUBE","SHADOWS_SOFT"],[[0,0,"FORWARD",4,"",0,[4,null],[0,"_ZWrite"],[2,null],[[0,"_SrcBlend"],[0,"_DstBlend"],[0,null]],[[0,"_SrcBlend"],[0,"_DstBlend"],[0,null]],[15,null],[0,null],[0,null],[0,null],[255,null],[255,null],[[0,null],[0,null],[0,null],[8,null]],[[0,null],[0,null],[0,null],[8,null]],[[0,null],[0,null],[0,null],[8,null]],[["LIGHTMODE","FORWARDBASE"],["PerformanceChecks","False"],["RenderType","Opaque"],["SHADOWSUPPORT","true"]],["DIRECTIONAL","DIRLIGHTMAP_COMBINED","DYNAMICLIGHTMAP_ON","FOG_EXP","FOG_EXP2","FOG_LINEAR","INSTANCING_ON","LIGHTMAP_ON","LIGHTMAP_SHADOW_MIXING","LIGHTPROBE_SH","SHADOWS_SCREEN","SHADOWS_SHADOWMASK","STEREO_CUBEMAP_RENDER_ON","STEREO_INSTANCING_ON","STEREO_MULTIVIEW_ON","UNITY_SINGLE_PASS_STEREO","VERTEXLIGHT_ON","_ALPHABLEND_ON","_ALPHAPREMULTIPLY_ON","_ALPHATEST_ON","_DETAIL_MULX2","_EMISSION","_GLOSSYREFLECTIONS_OFF","_METALLICGLOSSMAP","_NORMALMAP","_PARALLAXMAP","_SMOOTHNESS_TEXTURE_ALBEDO_CHANNEL_A","_SPECULARHIGHLIGHTS_OFF","__","_"],[[["__","FOG_LINEAR","FOG_EXP","FOG_EXP2"],1],[["__","INSTANCING_ON"],1],[["_","_NORMALMAP"],1],[["_","_ALPHATEST_ON","_ALPHABLEND_ON","_ALPHAPREMULTIPLY_ON"],1],[["_","_METALLICGLOSSMAP"],1],[["_","_PARALLAXMAP"],1],[["DIRECTIONAL"],0],[["DIRECTIONAL","LIGHTPROBE_SH"],0],[["DIRECTIONAL","SHADOWS_SHADOWMASK","LIGHTPROBE_SH"],0],[["DIRECTIONAL","DYNAMICLIGHTMAP_ON"],0],[["DIRECTIONAL","LIGHTMAP_ON"],0],[["DIRECTIONAL","LIGHTMAP_ON","DYNAMICLIGHTMAP_ON"],0],[["DIRECTIONAL","LIGHTMAP_ON","LIGHTPROBE_SH"],0],[["DIRECTIONAL","LIGHTMAP_ON","LIGHTMAP_SHADOW_MIXING"],0],[["DIRECTIONAL","LIGHTMAP_ON","DYNAMICLIGHTMAP_ON","LIGHTMAP_SHADOW_MIXING"],0],[["DIRECTIONAL","LIGHTMAP_ON","LIGHTMAP_SHADOW_MIXING","LIGHTPROBE_SH"],0],[["DIRECTIONAL","DIRLIGHTMAP_COMBINED","DYNAMICLIGHTMAP_ON"],0],[["DIRECTIONAL","LIGHTMAP_ON","DIRLIGHTMAP_COMBINED"],0],[["DIRECTIONAL","LIGHTMAP_ON","DIRLIGHTMAP_COMBINED","LIGHTPROBE_SH"],0],[["DIRECTIONAL","LIGHTMAP_ON","DIRLIGHTMAP_COMBINED","DYNAMICLIGHTMAP_ON"],0],[["DIRECTIONAL","LIGHTMAP_ON","DIRLIGHTMAP_COMBINED","LIGHTMAP_SHADOW_MIXING"],0],[["DIRECTIONAL","LIGHTMAP_ON","DIRLIGHTMAP_COMBINED","LIGHTMAP_SHADOW_MIXING","LIGHTPROBE_SH"],0],[["DIRECTIONAL","LIGHTMAP_ON","DIRLIGHTMAP_COMBINED","DYNAMICLIGHTMAP_ON","LIGHTMAP_SHADOW_MIXING"],0],[["DIRECTIONAL","LIGHTMAP_ON","SHADOWS_SHADOWMASK"],0],[["DIRECTIONAL","LIGHTMAP_ON","DYNAMICLIGHTMAP_ON","SHADOWS_SHADOWMASK"],0],[["DIRECTIONAL","LIGHTMAP_ON","SHADOWS_SHADOWMASK","LIGHTPROBE_SH"],0],[["DIRECTIONAL","LIGHTMAP_ON","DIRLIGHTMAP_COMBINED","SHADOWS_SHADOWMASK"],0],[["DIRECTIONAL","LIGHTMAP_ON","DIRLIGHTMAP_COMBINED","DYNAMICLIGHTMAP_ON","SHADOWS_SHADOWMASK"],0],[["DIRECTIONAL","LIGHTMAP_ON","DIRLIGHTMAP_COMBINED","SHADOWS_SHADOWMASK","LIGHTPROBE_SH"],0],[["DIRECTIONAL","LIGHTMAP_ON","SHADOWS_SHADOWMASK","LIGHTMAP_SHADOW_MIXING"],0],[["DIRECTIONAL","LIGHTMAP_ON","DYNAMICLIGHTMAP_ON","SHADOWS_SHADOWMASK","LIGHTMAP_SHADOW_MIXING"],0],[["DIRECTIONAL","LIGHTMAP_ON","SHADOWS_SHADOWMASK","LIGHTMAP_SHADOW_MIXING","LIGHTPROBE_SH"],0],[["DIRECTIONAL","LIGHTMAP_ON","DIRLIGHTMAP_COMBINED","SHADOWS_SHADOWMASK","LIGHTMAP_SHADOW_MIXING"],0],[["DIRECTIONAL","LIGHTMAP_ON","DIRLIGHTMAP_COMBINED","DYNAMICLIGHTMAP_ON","SHADOWS_SHADOWMASK","LIGHTMAP_SHADOW_MIXING"],0],[["DIRECTIONAL","LIGHTMAP_ON","DIRLIGHTMAP_COMBINED","SHADOWS_SHADOWMASK","LIGHTMAP_SHADOW_MIXING","LIGHTPROBE_SH"],0],[["DIRECTIONAL","SHADOWS_SCREEN"],0],[["DIRECTIONAL","SHADOWS_SCREEN","LIGHTPROBE_SH"],0],[["DIRECTIONAL","DYNAMICLIGHTMAP_ON","SHADOWS_SCREEN"],0],[["DIRECTIONAL","SHADOWS_SCREEN","LIGHTMAP_SHADOW_MIXING","LIGHTPROBE_SH"],0],[["DIRECTIONAL","DYNAMICLIGHTMAP_ON","SHADOWS_SCREEN","LIGHTMAP_SHADOW_MIXING"],0],[["DIRECTIONAL","SHADOWS_SCREEN","SHADOWS_SHADOWMASK","LIGHTPROBE_SH"],0],[["DIRECTIONAL","DYNAMICLIGHTMAP_ON","SHADOWS_SCREEN","SHADOWS_SHADOWMASK"],0],[["DIRECTIONAL","SHADOWS_SCREEN","SHADOWS_SHADOWMASK","LIGHTMAP_SHADOW_MIXING","LIGHTPROBE_SH"],0],[["DIRECTIONAL","DYNAMICLIGHTMAP_ON","SHADOWS_SCREEN","SHADOWS_SHADOWMASK","LIGHTMAP_SHADOW_MIXING"],0],[["DIRECTIONAL","LIGHTMAP_ON","SHADOWS_SCREEN"],0],[["DIRECTIONAL","LIGHTMAP_ON","DYNAMICLIGHTMAP_ON","SHADOWS_SCREEN"],0],[["DIRECTIONAL","LIGHTMAP_ON","SHADOWS_SCREEN","LIGHTPROBE_SH"],0],[["DIRECTIONAL","LIGHTMAP_ON","SHADOWS_SCREEN","LIGHTMAP_SHADOW_MIXING"],0],[["DIRECTIONAL","LIGHTMAP_ON","DYNAMICLIGHTMAP_ON","SHADOWS_SCREEN","LIGHTMAP_SHADOW_MIXING"],0],[["DIRECTIONAL","LIGHTMAP_ON","SHADOWS_SCREEN","LIGHTMAP_SHADOW_MIXING","LIGHTPROBE_SH"],0],[["DIRECTIONAL","LIGHTMAP_ON","SHADOWS_SCREEN","SHADOWS_SHADOWMASK"],0],[["DIRECTIONAL","LIGHTMAP_ON","DYNAMICLIGHTMAP_ON","SHADOWS_SCREEN","SHADOWS_SHADOWMASK"],0],[["DIRECTIONAL","LIGHTMAP_ON","SHADOWS_SCREEN","SHADOWS_SHADOWMASK","LIGHTPROBE_SH"],0],[["DIRECTIONAL","LIGHTMAP_ON","SHADOWS_SCREEN","SHADOWS_SHADOWMASK","LIGHTMAP_SHADOW_MIXING"],0],[["DIRECTIONAL","LIGHTMAP_ON","DYNAMICLIGHTMAP_ON","SHADOWS_SCREEN","SHADOWS_SHADOWMASK","LIGHTMAP_SHADOW_MIXING"],0],[["DIRECTIONAL","LIGHTMAP_ON","SHADOWS_SCREEN","SHADOWS_SHADOWMASK","LIGHTMAP_SHADOW_MIXING","LIGHTPROBE_SH"],0],[["DIRECTIONAL","DIRLIGHTMAP_COMBINED","DYNAMICLIGHTMAP_ON","SHADOWS_SCREEN"],0],[["DIRECTIONAL","LIGHTMAP_ON","DIRLIGHTMAP_COMBINED","SHADOWS_SCREEN"],0],[["DIRECTIONAL","LIGHTMAP_ON","DIRLIGHTMAP_COMBINED","SHADOWS_SCREEN","LIGHTPROBE_SH"],0],[["DIRECTIONAL","LIGHTMAP_ON","DIRLIGHTMAP_COMBINED","DYNAMICLIGHTMAP_ON","SHADOWS_SCREEN"],0],[["DIRECTIONAL","LIGHTMAP_ON","DIRLIGHTMAP_COMBINED","SHADOWS_SCREEN","LIGHTMAP_SHADOW_MIXING"],0],[["DIRECTIONAL","LIGHTMAP_ON","DIRLIGHTMAP_COMBINED","SHADOWS_SCREEN","LIGHTMAP_SHADOW_MIXING","LIGHTPROBE_SH"],0],[["DIRECTIONAL","LIGHTMAP_ON","DIRLIGHTMAP_COMBINED","DYNAMICLIGHTMAP_ON","SHADOWS_SCREEN","LIGHTMAP_SHADOW_MIXING"],0],[["DIRECTIONAL","LIGHTMAP_ON","DIRLIGHTMAP_COMBINED","SHADOWS_SCREEN","SHADOWS_SHADOWMASK"],0],[["DIRECTIONAL","LIGHTMAP_ON","DIRLIGHTMAP_COMBINED","SHADOWS_SCREEN","SHADOWS_SHADOWMASK","LIGHTPROBE_SH"],0],[["DIRECTIONAL","LIGHTMAP_ON","DIRLIGHTMAP_COMBINED","DYNAMICLIGHTMAP_ON","SHADOWS_SCREEN","SHADOWS_SHADOWMASK"],0],[["DIRECTIONAL","LIGHTMAP_ON","DIRLIGHTMAP_COMBINED","SHADOWS_SCREEN","SHADOWS_SHADOWMASK","LIGHTMAP_SHADOW_MIXING"],0],[["DIRECTIONAL","LIGHTMAP_ON","DIRLIGHTMAP_COMBINED","SHADOWS_SCREEN","SHADOWS_SHADOWMASK","LIGHTMAP_SHADOW_MIXING","LIGHTPROBE_SH"],0],[["DIRECTIONAL","LIGHTMAP_ON","DIRLIGHTMAP_COMBINED","DYNAMICLIGHTMAP_ON","SHADOWS_SCREEN","SHADOWS_SHADOWMASK","LIGHTMAP_SHADOW_MIXING"],0],[["DIRECTIONAL","VERTEXLIGHT_ON"],0],[["DIRECTIONAL","VERTEXLIGHT_ON","LIGHTPROBE_SH"],0],[["DIRECTIONAL","VERTEXLIGHT_ON","DYNAMICLIGHTMAP_ON"],0],[["DIRECTIONAL","VERTEXLIGHT_ON","DIRLIGHTMAP_COMBINED","DYNAMICLIGHTMAP_ON"],0],[["DIRECTIONAL","VERTEXLIGHT_ON","SHADOWS_SCREEN"],0],[["DIRECTIONAL","VERTEXLIGHT_ON","SHADOWS_SCREEN","LIGHTPROBE_SH"],0],[["DIRECTIONAL","VERTEXLIGHT_ON","DYNAMICLIGHTMAP_ON","SHADOWS_SCREEN"],0],[["DIRECTIONAL","VERTEXLIGHT_ON","DIRLIGHTMAP_COMBINED","DYNAMICLIGHTMAP_ON","SHADOWS_SCREEN"],0],[["DIRECTIONAL","VERTEXLIGHT_ON","SHADOWS_SCREEN","LIGHTMAP_SHADOW_MIXING"],0],[["DIRECTIONAL","VERTEXLIGHT_ON","SHADOWS_SCREEN","LIGHTMAP_SHADOW_MIXING","LIGHTPROBE_SH"],0],[["DIRECTIONAL","VERTEXLIGHT_ON","DYNAMICLIGHTMAP_ON","SHADOWS_SCREEN","LIGHTMAP_SHADOW_MIXING"],0],[["DIRECTIONAL","VERTEXLIGHT_ON","DIRLIGHTMAP_COMBINED","DYNAMICLIGHTMAP_ON","SHADOWS_SCREEN","LIGHTMAP_SHADOW_MIXING"],0],[["DIRECTIONAL","VERTEXLIGHT_ON","SHADOWS_SCREEN","SHADOWS_SHADOWMASK"],0],[["DIRECTIONAL","VERTEXLIGHT_ON","SHADOWS_SCREEN","SHADOWS_SHADOWMASK","LIGHTPROBE_SH"],0],[["DIRECTIONAL","VERTEXLIGHT_ON","DYNAMICLIGHTMAP_ON","SHADOWS_SCREEN","SHADOWS_SHADOWMASK"],0],[["DIRECTIONAL","VERTEXLIGHT_ON","DIRLIGHTMAP_COMBINED","DYNAMICLIGHTMAP_ON","SHADOWS_SCREEN","SHADOWS_SHADOWMASK"],0],[["DIRECTIONAL","VERTEXLIGHT_ON","SHADOWS_SCREEN","SHADOWS_SHADOWMASK","LIGHTMAP_SHADOW_MIXING"],0],[["DIRECTIONAL","VERTEXLIGHT_ON","SHADOWS_SCREEN","SHADOWS_SHADOWMASK","LIGHTMAP_SHADOW_MIXING","LIGHTPROBE_SH"],0],[["DIRECTIONAL","VERTEXLIGHT_ON","DYNAMICLIGHTMAP_ON","SHADOWS_SCREEN","SHADOWS_SHADOWMASK","LIGHTMAP_SHADOW_MIXING"],0],[["DIRECTIONAL","VERTEXLIGHT_ON","DIRLIGHTMAP_COMBINED","DYNAMICLIGHTMAP_ON","SHADOWS_SCREEN","SHADOWS_SHADOWMASK","LIGHTMAP_SHADOW_MIXING"],0]],[[0,0,["DIRECTIONAL"],91,92,1,0],[0,0,["DIRECTIONAL","LIGHTPROBE_SH"],93,94,1,0],[0,0,["DIRECTIONAL","SHADOWS_SCREEN"],95,96,1,0],[0,0,["DIRECTIONAL","LIGHTPROBE_SH","SHADOWS_SCREEN"],97,98,1,0],[0,0,["DIRECTIONAL","VERTEXLIGHT_ON"],91,92,1,0],[0,0,["DIRECTIONAL","LIGHTPROBE_SH","VERTEXLIGHT_ON"],99,94,1,0],[0,0,["DIRECTIONAL","SHADOWS_SCREEN","VERTEXLIGHT_ON"],95,96,1,0],[0,0,["DIRECTIONAL","LIGHTPROBE_SH","SHADOWS_SCREEN","VERTEXLIGHT_ON"],100,98,1,0],[0,0,["DIRECTIONAL","_EMISSION"],91,101,1,0],[0,0,["DIRECTIONAL","LIGHTPROBE_SH","_EMISSION"],93,102,1,0],[0,0,["DIRECTIONAL","SHADOWS_SCREEN","_EMISSION"],95,103,1,0],[0,0,["DIRECTIONAL","LIGHTPROBE_SH","SHADOWS_SCREEN","_EMISSION"],97,104,1,0],[0,0,["DIRECTIONAL","VERTEXLIGHT_ON","_EMISSION"],91,101,1,0],[0,0,["DIRECTIONAL","LIGHTPROBE_SH","VERTEXLIGHT_ON","_EMISSION"],99,102,1,0],[0,0,["DIRECTIONAL","SHADOWS_SCREEN","VERTEXLIGHT_ON","_EMISSION"],95,103,1,0],[0,0,["DIRECTIONAL","LIGHTPROBE_SH","SHADOWS_SCREEN","VERTEXLIGHT_ON","_EMISSION"],100,104,1,0]],[],0],[1,0,"FORWARD_DELTA",5,"",0,[4,null],[0,null],[2,null],[[0,"_SrcBlend"],[1,null],[0,null]],[[0,"_SrcBlend"],[1,null],[0,null]],[15,null],[0,null],[0,null],[0,null],[255,null],[255,null],[[0,null],[0,null],[0,null],[8,null]],[[0,null],[0,null],[0,null],[8,null]],[[0,null],[0,null],[0,null],[8,null]],[["LIGHTMODE","FORWARDADD"],["PerformanceChecks","False"],["RenderType","Opaque"],["SHADOWSUPPORT","true"]],["DIRECTIONAL","DIRECTIONAL_COOKIE","FOG_EXP","FOG_EXP2","FOG_LINEAR","LIGHTMAP_SHADOW_MIXING","POINT","POINT_COOKIE","SHADOWS_CUBE","SHADOWS_DEPTH","SHADOWS_SCREEN","SHADOWS_SHADOWMASK","SHADOWS_SOFT","SPOT","STEREO_CUBEMAP_RENDER_ON","STEREO_INSTANCING_ON","STEREO_MULTIVIEW_ON","UNITY_SINGLE_PASS_STEREO","_ALPHABLEND_ON","_ALPHAPREMULTIPLY_ON","_ALPHATEST_ON","_DETAIL_MULX2","_METALLICGLOSSMAP","_NORMALMAP","_PARALLAXMAP","_SMOOTHNESS_TEXTURE_ALBEDO_CHANNEL_A","_SPECULARHIGHLIGHTS_OFF","__","_"],[[["__","FOG_LINEAR","FOG_EXP","FOG_EXP2"],1],[["_","_NORMALMAP"],1],[["_","_ALPHATEST_ON","_ALPHABLEND_ON","_ALPHAPREMULTIPLY_ON"],1],[["_","_METALLICGLOSSMAP"],1],[["_","_PARALLAXMAP"],1],[["POINT"],0],[["DIRECTIONAL"],0],[["SPOT"],0],[["POINT_COOKIE"],0],[["DIRECTIONAL_COOKIE"],0],[["POINT","SHADOWS_SHADOWMASK"],0],[["DIRECTIONAL","SHADOWS_SHADOWMASK"],0],[["SPOT","SHADOWS_SHADOWMASK"],0],[["POINT_COOKIE","SHADOWS_SHADOWMASK"],0],[["DIRECTIONAL_COOKIE","SHADOWS_SHADOWMASK"],0],[["POINT","SHADOWS_SHADOWMASK","LIGHTMAP_SHADOW_MIXING"],0],[["DIRECTIONAL","SHADOWS_SHADOWMASK","LIGHTMAP_SHADOW_MIXING"],0],[["SPOT","SHADOWS_SHADOWMASK","LIGHTMAP_SHADOW_MIXING"],0],[["POINT_COOKIE","SHADOWS_SHADOWMASK","LIGHTMAP_SHADOW_MIXING"],0],[["DIRECTIONAL_COOKIE","SHADOWS_SHADOWMASK","LIGHTMAP_SHADOW_MIXING"],0],[["SPOT","SHADOWS_DEPTH"],0],[["SPOT","SHADOWS_DEPTH","SHADOWS_SOFT"],0],[["SPOT","SHADOWS_DEPTH","LIGHTMAP_SHADOW_MIXING"],0],[["SPOT","SHADOWS_DEPTH","SHADOWS_SOFT","LIGHTMAP_SHADOW_MIXING"],0],[["SPOT","SHADOWS_DEPTH","SHADOWS_SHADOWMASK"],0],[["SPOT","SHADOWS_DEPTH","SHADOWS_SOFT","SHADOWS_SHADOWMASK"],0],[["SPOT","SHADOWS_DEPTH","SHADOWS_SHADOWMASK","LIGHTMAP_SHADOW_MIXING"],0],[["SPOT","SHADOWS_DEPTH","SHADOWS_SOFT","SHADOWS_SHADOWMASK","LIGHTMAP_SHADOW_MIXING"],0],[["DIRECTIONAL","SHADOWS_SCREEN"],0],[["DIRECTIONAL_COOKIE","SHADOWS_SCREEN"],0],[["DIRECTIONAL","SHADOWS_SCREEN","LIGHTMAP_SHADOW_MIXING"],0],[["DIRECTIONAL_COOKIE","SHADOWS_SCREEN","LIGHTMAP_SHADOW_MIXING"],0],[["DIRECTIONAL","SHADOWS_SCREEN","SHADOWS_SHADOWMASK"],0],[["DIRECTIONAL_COOKIE","SHADOWS_SCREEN","SHADOWS_SHADOWMASK"],0],[["DIRECTIONAL","SHADOWS_SCREEN","SHADOWS_SHADOWMASK","LIGHTMAP_SHADOW_MIXING"],0],[["DIRECTIONAL_COOKIE","SHADOWS_SCREEN","SHADOWS_SHADOWMASK","LIGHTMAP_SHADOW_MIXING"],0],[["POINT","SHADOWS_CUBE"],0],[["POINT","SHADOWS_CUBE","SHADOWS_SOFT"],0],[["POINT","SHADOWS_CUBE","LIGHTMAP_SHADOW_MIXING"],0],[["POINT","SHADOWS_CUBE","SHADOWS_SOFT","LIGHTMAP_SHADOW_MIXING"],0],[["POINT","SHADOWS_CUBE","SHADOWS_SHADOWMASK"],0],[["POINT","SHADOWS_CUBE","SHADOWS_SOFT","SHADOWS_SHADOWMASK"],0],[["POINT","SHADOWS_CUBE","SHADOWS_SHADOWMASK","LIGHTMAP_SHADOW_MIXING"],0],[["POINT","SHADOWS_CUBE","SHADOWS_SOFT","SHADOWS_SHADOWMASK","LIGHTMAP_SHADOW_MIXING"],0],[["POINT_COOKIE","SHADOWS_CUBE"],0],[["POINT_COOKIE","SHADOWS_CUBE","SHADOWS_SOFT"],0],[["POINT_COOKIE","SHADOWS_CUBE","LIGHTMAP_SHADOW_MIXING"],0],[["POINT_COOKIE","SHADOWS_CUBE","SHADOWS_SOFT","LIGHTMAP_SHADOW_MIXING"],0],[["POINT_COOKIE","SHADOWS_CUBE","SHADOWS_SHADOWMASK"],0],[["POINT_COOKIE","SHADOWS_CUBE","SHADOWS_SOFT","SHADOWS_SHADOWMASK"],0],[["POINT_COOKIE","SHADOWS_CUBE","SHADOWS_SHADOWMASK","LIGHTMAP_SHADOW_MIXING"],0],[["POINT_COOKIE","SHADOWS_CUBE","SHADOWS_SOFT","SHADOWS_SHADOWMASK","LIGHTMAP_SHADOW_MIXING"],0]],[[1,0,["POINT"],105,106,1,0],[1,0,["DIRECTIONAL"],107,108,1,0],[1,0,["SPOT"],109,110,1,0],[1,0,["POINT_COOKIE"],105,111,1,0],[1,0,["DIRECTIONAL_COOKIE"],112,113,1,0],[1,0,["SHADOWS_DEPTH","SPOT"],109,114,1,0],[1,0,["DIRECTIONAL","SHADOWS_SCREEN"],115,116,1,0],[1,0,["DIRECTIONAL_COOKIE","SHADOWS_SCREEN"],117,118,1,0]],[],0],[2,0,"ShadowCaster",8,"",0,[4,null],[1,null],[2,null],[[1,null],[0,null],[0,null]],[[1,null],[0,null],[0,null]],[15,null],[0,null],[0,null],[0,null],[255,null],[255,null],[[0,null],[0,null],[0,null],[8,null]],[[0,null],[0,null],[0,null],[8,null]],[[0,null],[0,null],[0,null],[8,null]],[["LIGHTMODE","SHADOWCASTER"],["PerformanceChecks","False"],["RenderType","Opaque"],["SHADOWSUPPORT","true"]],["INSTANCING_ON","SHADOWS_CUBE","SHADOWS_DEPTH","STEREO_CUBEMAP_RENDER_ON","STEREO_INSTANCING_ON","STEREO_MULTIVIEW_ON","UNITY_SINGLE_PASS_STEREO","_ALPHABLEND_ON","_ALPHAPREMULTIPLY_ON","_ALPHATEST_ON","_METALLICGLOSSMAP","_PARALLAXMAP","_SMOOTHNESS_TEXTURE_ALBEDO_CHANNEL_A","__","_"],[[["__","INSTANCING_ON"],1],[["_","_ALPHATEST_ON","_ALPHABLEND_ON","_ALPHAPREMULTIPLY_ON"],1],[["_","_METALLICGLOSSMAP"],1],[["_","_PARALLAXMAP"],1],[["SHADOWS_DEPTH"],0],[["SHADOWS_CUBE"],0]],[[2,0,["SHADOWS_DEPTH"],11,12,1,0]],[],0]],[],[["_Color",0,1,1,1,1,"",0],["_MainTex",4,0,0,0,0,"white",0],["_Cutoff",3,0.5,0,1,0,"",0],["_Glossiness",3,0.5,0,1,0,"",0],["_GlossMapScale",3,1,0,1,0,"",0],["_SmoothnessTextureChannel",2,0,0,0,0,"",0],["_Metallic",3,0,0,1,0,"",32],["_MetallicGlossMap",4,0,0,0,0,"white",0],["_SpecularHighlights",2,1,0,0,0,"",0],["_GlossyReflections",2,1,0,0,0,"",0],["_BumpScale",2,1,0,0,0,"",0],["_BumpMap",4,0,0,0,0,"bump",8],["_Parallax",3,0.0199999995529652,0.00499999988824129,0.0799999982118607,0,"",0],["_ParallaxMap",4,0,0,0,0,"black",0],["_OcclusionStrength",3,1,0,1,0,"",0],["_OcclusionMap",4,0,0,0,0,"white",0],["_EmissionColor",0,0,0,0,1,"",0],["_EmissionMap",4,0,0,0,0,"white",0],["_DetailMask",4,0,0,0,0,"white",0],["_DetailAlbedoMap",4,0,0,0,0,"grey",0],["_DetailNormalMapScale",2,1,0,0,0,"",0],["_DetailNormalMap",4,0,0,0,0,"bump",8],["_UVSec",2,0,0,0,0,"",0],["_Mode",2,0,0,0,0,"",1],["_SrcBlend",2,1,0,0,0,"",1],["_DstBlend",2,0,0,0,0,"",1],["_ZWrite",2,1,0,0,0,"",1]],0,70,0,0,0]}],"sprites":[{"id":738,"path":"Resources/unity_builtin_extra\\UISprite","assetBundleId":-2,"data":["UISprite",6,736,[0,0,0,0.08,0.08,0],[0.05,0.08,0,0.8125,1,0.08,-0.08,0,1,0,0.08,0.075,0,1,0.96875,-0.07,0.08,0,0.0625,1,-0.075,-0.08,0,0.03124997,0,-0.08,0.07,0,0,0.9375,-0.08,-0.05,0,0,0.1875],[6,5,4,3,4,5,1,4,3,0,1,3,2,1,0],-0.000835968181490898,-0.00160364620387554,0.999164044857025,0.998396337032318,0,0,1,1,0.3125,0.3125,0.3125,0.3125,[0,0,0,0],[-0.08,-0.08,0.08,0.08],200,32,32,32,32,16,16,0.0267509818077087,0.0513166785240173]}],"textures":[{"id":736,"type":0,"path":"Resources/unity_builtin_extra\\UISprite","assetBundleId":-2,"data":["UISprite",32,32,6,16,1,0,4,1,1,1,8,0,0,1,1]}],"resources":[{"id":0,"assetBundleId":-2,"data":[[["unity_builtin_extra",0,28],["unity_builtin_extra",5,458],["unity_builtin_extra",0,66],["unity_builtin_extra",0,176],["fonts & materials/liberationsans sdf",6,24308],["fonts & materials/liberationsans sdf",5,24226],["fonts & materials/liberationsans sdf",16,24224],["unity_builtin_extra",6,736],["unity_builtin_extra",15,738],["unity_builtin_extra",0,30],["fonts & materials/liberationsans sdf - drop shadow",5,24456],["fonts & materials/liberationsans sdf - outline",5,24462],["linebreaking following characters",60,24468],["linebreaking leading characters",60,24466],["sprite assets/emojione",5,24470],["sprite assets/emojione",57,24458],["sprite assets/emojione",5,33166],["style sheets/default style sheet",58,24464],["tmp settings",59,24460],["unity_builtin_extra",0,50],["unity_builtin_extra",0,70]],[24332,24342,24318,24304,24358,24342,24352,24342,24326,24304,24328,24304,24248,24246,24394,24246,24396,24246,24258,24246,24250,24246,62040,62338,24406,24246,24410,24246,-804350,62338,-804358,62338,24242,24246,-804354,62338,-804362,62338,24400,24246,24402,24246,62190,62338,-804576,62338,-804584,62338,-804580,62338,-804588,62338,62288,62338,-804718,62338,-804726,62338,-804722,62338,-804730,62338,62028,62338,-804328,62338,-804336,62338,-804332,62338,-804340,62338,61984,62338,-804246,62338,-804254,62338,-804250,62338,-804258,62338,61962,62338,-804164,62338,-804172,62338,-804168,62338,-804176,62338,62042,62338,62192,62338,62290,62338,62030,62338,61986,62338,61964,62338,24206,24184,24378,24386,24390,24386,24362,24184,24364,24184,24366,24184,24368,24184,24188,24184,24186,24184,24192,24184,24204,24184,62196,62248,-804598,62248,-804604,62248,-804610,62248,-804616,62248,24194,24184,-804606,62248,-804612,62248,-804600,62248,-804618,62248,24372,24184,24374,24184,62360,62248,-804950,62248,-804956,62248,-804962,62248,-804968,62248,-804958,62248,-804964,62248,-804952,62248,-804970,62248,62146,62248,-804516,62248,-804522,62248,-804528,62248,-804534,62248,-804524,62248,-804530,62248,-804518,62248,-804536,62248,61952,62248,-804134,62248,-804140,62248,-804146,62248,-804152,62248,-804142,62248,-804148,62248,-804136,62248,-804154,62248,62430,62248,-805116,62248,-805122,62248,-805128,62248,-805134,62248,-805124,62248,-805130,62248,-805118,62248,-805136,62248,62332,62248,-804830,62248,-804836,62248,-804842,62248,-804848,62248,-804838,62248,-804844,62248,-804832,62248,-804850,62248,62422,62248,-805086,62248,-805092,62248,-805098,62248,-805104,62248,-805094,62248,-805100,62248,-805088,62248,-805106,62248,62354,62248,-804920,62248,-804926,62248,-804932,62248,-804938,62248,-804928,62248,-804934,62248,-804922,62248,-804940,62248,62298,62248,-804740,62248,-804746,62248,-804752,62248,-804758,62248,-804748,62248,-804754,62248,-804742,62248,-804760,62248,61854,62248,-804014,62248,-804020,62248,-804026,62248,-804032,62248,-804022,62248,-804028,62248,-804016,62248,-804034,62248,62024,62248,-804298,62248,-804304,62248,-804310,62248,-804316,62248,-804306,62248,-804312,62248,-804300,62248,-804318,62248,62350,62248,-804890,62248,-804896,62248,-804902,62248,-804908,62248,-804898,62248,-804904,62248,-804892,62248,-804910,62248,62098,62248,-804418,62248,-804424,62248,-804430,62248,-804436,62248,-804426,62248,-804432,62248,-804420,62248,-804438,62248,62498,62248,-805214,62248,-805220,62248,-805226,62248,-805232,62248,-805222,62248,-805228,62248,-805216,62248,-805234,62248,62276,62248,-804658,62248,-804664,62248,-804670,62248,-804676,62248,-804666,62248,-804672,62248,-804660,62248,-804678,62248,62256,62248,-804628,62248,-804634,62248,-804640,62248,-804646,62248,-804636,62248,-804642,62248,-804630,62248,-804648,62248,62366,62248,-804980,62248,-804986,62248,-804992,62248,-804998,62248,-804988,62248,-804994,62248,-804982,62248,-805000,62248,62066,62248,-804380,62248,-804386,62248,-804392,62248,-804398,62248,-804388,62248,-804394,62248,-804382,62248,-804400,62248,62136,62248,-804486,62248,-804492,62248,-804498,62248,-804504,62248,-804494,62248,-804500,62248,-804488,62248,-804506,62248,61890,62248,-804044,62248,-804050,62248,-804056,62248,-804062,62248,-804052,62248,-804058,62248,-804046,62248,-804064,62248,62410,62248,-805056,62248,-805062,62248,-805068,62248,-805074,62248,-805064,62248,-805070,62248,-805058,62248,-805076,62248,61846,62248,-803984,62248,-803990,62248,-803996,62248,-804002,62248,-803992,62248,-803998,62248,-803986,62248,-804004,62248,61940,62248,-804074,62248,-804080,62248,-804086,62248,-804092,62248,-804082,62248,-804088,62248,-804076,62248,-804094,62248,62282,62248,-804688,62248,-804694,62248,-804700,62248,-804706,62248,-804696,62248,-804702,62248,-804690,62248,-804708,62248,61948,62248,-804104,62248,-804110,62248,-804116,62248,-804122,62248,-804112,62248,-804118,62248,-804106,62248,-804124,62248,62122,62248,-804456,62248,-804462,62248,-804468,62248,-804474,62248,-804464,62248,-804470,62248,-804458,62248,-804476,62248,62470,62248,-805184,62248,-805190,62248,-805196,62248,-805202,62248,-805192,62248,-805198,62248,-805186,62248,-805204,62248,62398,62248,-805026,62248,-805032,62248,-805038,62248,-805044,62248,-805034,62248,-805040,62248,-805028,62248,-805046,62248,62326,62248,-804800,62248,-804806,62248,-804812,62248,-804818,62248,-804808,62248,-804814,62248,-804802,62248,-804820,62248,62180,62248,-804546,62248,-804552,62248,-804558,62248,-804564,62248,-804554,62248,-804560,62248,-804548,62248,-804566,62248,62198,62248,62362,62248,62418,62248,62382,62248,62432,62248,62426,62248,62424,62248,62356,62248,62300,62248,62314,62248,62242,62248,62454,62248,62342,62248,62500,62248,62278,62248,62258,62248,62380,62248,62068,62248,62138,62248,62132,62248,62412,62248,61878,62248,62094,62248,62284,62248,62032,62248,62456,62248,62472,62248,62400,62248,62328,62248,62214,62248,61990,62248,-804268,62248,-804274,62248,-804280,62248,-804286,62248,-804276,62248,-804282,62248,-804270,62248,-804288,62248,62304,62248,-804770,62248,-804776,62248,-804782,62248,-804788,62248,-804778,62248,-804784,62248,-804772,62248,-804790,62248,61968,62248,-804186,62248,-804192,62248,-804198,62248,-804204,62248,-804194,62248,-804200,62248,-804188,62248,-804206,62248,62436,62248,-805146,62248,-805152,62248,-805158,62248,-805164,62248,-805154,62248,-805160,62248,-805148,62248,-805166,62248,61992,62248,62306,62248,62316,62248,62438,62248,61972,62248,-804216,62248,-804222,62248,-804228,62248,-804234,62248,-804224,62248,-804230,62248,-804218,62248,-804236,62248,62346,62248,-804860,62248,-804866,62248,-804872,62248,-804878,62248,-804868,62248,-804874,62248,-804862,62248,-804880,62248,61974,62248,62378,62248,24272,24270,24416,24270,62506,62268,24420,24270,-805240,62268,24276,24270,62058,62268,-804368,62268,62110,62268,-804444,62268,62394,62268,-805014,62268,62080,62268,-804406,62268,62388,62268,-805006,62268,62444,62268,-805172,62268,62504,62268,62056,62268,62108,62268,62392,62268,62078,62268,62386,62268,62442,62268,32368,24688,32400,24688,32364,24688,32370,24688,32412,24688,32372,24688,32406,24688,32374,24688,32424,24688,32376,24688,32418,24688,32378,24688,32436,24688,32380,24688,32430,24688,32382,24688,32384,24688,32386,24688,32388,24688,32390,24688,32392,24688,32394,24688,32468,24690,32570,24690,32492,24690,32494,24690,32496,24690,32498,24690,32500,24690,32502,24690,32504,24690,32506,24690,32508,24690,32510,24690,32512,24690,32514,24690,32516,24690,32518,24690,32520,24690,32522,24690,32524,24690,32526,24690,32472,24690,32474,24690,32476,24690,32478,24690,32480,24690,32482,24690,32484,24690,32486,24690,32488,24690,32490,24690,32586,24694,32588,24694,32590,24694,32592,24694,32622,24696,32634,24696,32614,24696,32612,24696,32718,24696,32734,24696,32672,24696,32638,24696,32700,24696,32766,24696,32768,24696,32674,24696,32900,24696,32862,24696,32702,24696,32750,24696,32752,24696,32896,24696,32882,24696,32704,24696,32758,24696,32760,24696,32906,24696,32878,24696,32706,24696,32774,24696,32776,24696,32904,24696,32866,24696,32708,24696,32782,24696,32784,24696,32894,24696,32870,24696,32710,24696,32790,24696,32792,24696,32890,24696,32874,24696,32626,24696,32640,24696,32678,24696,32616,24696,32650,24696,32742,24696,32684,24696,32630,24696,32618,24696]]}],"project-settings":[{"id":-1,"assetBundleId":-2,"data":[[["UnityEngine.U2D.CinemachinePixelPerfect",-1],["UnityEngine.EventSystems.EventSystem",-1000],["UnityEngine.UI.ToggleGroup",10],["TMPro.TextMeshPro",-105],["TMPro.TextMeshProUGUI",-100],["TMPro.TextContainer",-110]],[[0,"Default",0]],[[0,"Default"],[1,"TransparentFX"],[2,"Ignore Raycast"],[3,"Tile"],[4,"Water"],[5,"UI"]],[0.0199999995529652,0.333333343267441,1,0.0299999993294477],[0,-9.8100004196167,0,6,2,0,1,[[0,0,0],[0,0,1],[0,0,2],[0,0,3],[0,0,4],[0,0,5],[0,1,0],[0,1,1],[0,1,2],[0,1,3],[0,1,4],[0,1,5],[0,2,0],[0,2,1],[0,2,2],[0,2,3],[0,2,4],[0,2,5],[0,3,0],[0,3,1],[0,3,2],[0,3,3],[0,3,4],[0,3,5],[0,4,0],[0,4,1],[0,4,2],[0,4,3],[0,4,4],[0,4,5],[0,5,0],[0,5,1],[0,5,2],[0,5,3],[0,5,4],[0,5,5]]],[null,null,0,-9.8100004196167,3,8,1,0.200000002980232,8,100,360,0.200000002980232,0.75,0.5,0.00999999977648258,2,0.00999999977648258,1,1,1,1,1,0,[[1,0,0],[1,0,1],[1,0,2],[1,0,3],[1,0,4],[1,0,5],[1,1,0],[1,1,1],[1,1,2],[1,1,3],[1,1,4],[1,1,5],[1,2,0],[1,2,1],[1,2,2],[1,2,3],[1,2,4],[1,2,5],[1,3,0],[1,3,1],[1,3,2],[0,3,3],[1,3,4],[1,3,5],[1,4,0],[1,4,1],[1,4,2],[1,4,3],[1,4,4],[1,4,5],[1,5,0],[1,5,1],[1,5,2],[1,5,3],[1,5,4],[1,5,5]]],[[[[],["Very Low"],0,0,0,0.300000011920929,1,15,0,1,0,0,0,0,0,1,2,4,0,0,0.333333343267441,0.0666666701436043,0.200000002980232,0.466666668653488,0,0,16,2,0,3,512,0,1,2,512,1,1024,0]],["Very Low"],0,0,0,0.300000011920929,1,15,0,1,0,0,0,0,0,1,2,4,0,0,0.333333343267441,0.0666666701436043,0.200000002980232,0.466666668653488,0,0,16,2,0,3,512,0,1,2,512,1,1024,0],0,0,0,2,0,["Untagged","Respawn","Finish","EditorOnly","MainCamera","Player","GameController"]]}]}