{"materials":[{"id":458,"path":"Resources/unity_builtin_extra\\Sprites-Default","assetBundleId":-2,"data":["Sprites-Default",0,28,3000,0,[["PixelSnap",0],["_EnableExternalAlpha",0]],[["_Color",1,1,1,1],["_RendererColor",1,1,1,1]],[["_MainTex_ST",1,1,0,0],["_Flip",1,1,1,1],["_AlphaTex_ST",1,1,0,0]],[["_MainTex",null,null],["_AlphaTex",null,null]],[]]}],"shaders":[{"id":30,"assetBundleId":-2,"data":[[],"UI/Default",null,["UNITY_UI_ALPHACLIP","UNITY_UI_CLIP_RECT","STEREO_CUBEMAP_RENDER_ON","STEREO_INSTANCING_ON","STEREO_MULTIVIEW_ON","UNITY_SINGLE_PASS_STEREO","_"],[[0,0,"Default",0,"",0,[0,"unity_GUIZTestMode"],[0,null],[0,null],[[1,null],[10,null],[0,null]],[[1,null],[10,null],[0,null]],[0,"_ColorMask"],[0,null],[0,null],[0,"_Stencil"],[0,"_StencilReadMask"],[0,"_StencilWriteMask"],[[0,"_StencilOp"],[0,null],[0,null],[0,"_StencilComp"]],[[0,null],[0,null],[0,null],[8,null]],[[0,null],[0,null],[0,null],[8,null]],[["CanUseSpriteAtlas","true"],["IGNOREPROJECTOR","true"],["PreviewType","Plane"],["QUEUE","Transparent"],["RenderType","Transparent"]],["STEREO_CUBEMAP_RENDER_ON","STEREO_INSTANCING_ON","STEREO_MULTIVIEW_ON","UNITY_SINGLE_PASS_STEREO","UNITY_UI_ALPHACLIP","UNITY_UI_CLIP_RECT","_"],[[["_","UNITY_UI_CLIP_RECT"],1],[["_","UNITY_UI_ALPHACLIP"],1]],[[0,0,[],0,1,0,0],[0,0,["UNITY_UI_ALPHACLIP"],2,3,0,0],[0,0,["UNITY_UI_CLIP_RECT"],2,4,0,0],[0,0,["UNITY_UI_ALPHACLIP","UNITY_UI_CLIP_RECT"],2,5,0,0]],[],0]],[],[["_MainTex",4,0,0,0,0,"white",2],["_Color",0,1,1,1,1,"",0],["_StencilComp",2,8,0,0,0,"",0],["_Stencil",2,0,0,0,0,"",0],["_StencilOp",2,0,0,0,0,"",0],["_StencilWriteMask",2,255,0,0,0,"",0],["_StencilReadMask",2,255,0,0,0,"",0],["_ColorMask",2,15,0,0,0,"",0],["_UseUIAlphaClip",2,0,0,0,0,"",0]],null,null,0,0,0]},{"id":28,"assetBundleId":-2,"data":[[],"Sprites/Default",null,["PIXELSNAP_ON","ETC1_EXTERNAL_ALPHA","INSTANCING_ON","STEREO_CUBEMAP_RENDER_ON","STEREO_INSTANCING_ON","STEREO_MULTIVIEW_ON","UNITY_SINGLE_PASS_STEREO","_","__"],[[0,0,"",0,"",0,[4,null],[0,null],[0,null],[[1,null],[10,null],[0,null]],[[1,null],[10,null],[0,null]],[15,null],[0,null],[0,null],[0,null],[255,null],[255,null],[[0,null],[0,null],[0,null],[8,null]],[[0,null],[0,null],[0,null],[8,null]],[[0,null],[0,null],[0,null],[8,null]],[["CanUseSpriteAtlas","true"],["IGNOREPROJECTOR","true"],["PreviewType","Plane"],["QUEUE","Transparent"],["RenderType","Transparent"]],["ETC1_EXTERNAL_ALPHA","INSTANCING_ON","PIXELSNAP_ON","STEREO_CUBEMAP_RENDER_ON","STEREO_INSTANCING_ON","STEREO_MULTIVIEW_ON","UNITY_SINGLE_PASS_STEREO","_","__"],[[["_","ETC1_EXTERNAL_ALPHA"],1],[["__","INSTANCING_ON"],1],[["_","PIXELSNAP_ON"],1]],[[0,0,[],6,7,0,0],[0,0,["PIXELSNAP_ON"],8,7,0,0]],[],0]],[],[["_MainTex",4,0,0,0,0,"white",2],["_Color",0,1,1,1,1,"",0],["PixelSnap",2,0,0,0,0,"",0],["_RendererColor",0,1,1,1,1,"",1],["_Flip",1,1,1,1,1,"",1],["_AlphaTex",4,0,0,0,0,"white",2],["_EnableExternalAlpha",2,0,0,0,0,"",2]],null,null,0,0,0]},{"id":176,"assetBundleId":-2,"data":[[],"Particles/Standard Unlit",null,["SHADOWS_DEPTH","_ALPHABLEND_ON","_ALPHAMODULATE_ON","_ALPHAPREMULTIPLY_ON","_ALPHATEST_ON","_COLORADDSUBDIFF_ON","_COLORCOLOR_ON","_COLOROVERLAY_ON","_REQUIRE_UV2","FOG_EXP","FOG_EXP2","FOG_LINEAR","_EMISSION","_FADING_ON","_NORMALMAP","INSTANCING_ON","PROCEDURAL_INSTANCING_ON","SHADOWS_CUBE","STEREO_CUBEMAP_RENDER_ON","STEREO_INSTANCING_ON","STEREO_MULTIVIEW_ON","UNITY_SINGLE_PASS_STEREO","__","_","EFFECT_BUMP","SOFTPARTICLES_ON"],[[0,0,"",0,"_GrabTexture",0,[0,null],[0,null],[0,null],[[1,null],[0,null],[0,null]],[[1,null],[0,null],[0,null]],[15,null],[0,null],[0,null],[0,null],[0,null],[0,null],[[0,null],[0,null],[0,null],[0,null]],[[0,null],[0,null],[0,null],[0,null]],[[0,null],[0,null],[0,null],[0,null]],[["LIGHTMODE","GRABPASS"]],[],[],[],[],0],[1,0,"ShadowCaster",8,"",0,[4,null],[1,null],[0,null],[[1,null],[0,null],[0,null]],[[1,null],[0,null],[0,null]],[14,null],[0,null],[0,null],[0,null],[255,null],[255,null],[[0,null],[0,null],[0,null],[8,null]],[[0,null],[0,null],[0,null],[8,null]],[[0,null],[0,null],[0,null],[8,null]],[["IGNOREPROJECTOR","true"],["LIGHTMODE","SHADOWCASTER"],["PerformanceChecks","False"],["PreviewType","Plane"],["RenderType","Opaque"],["SHADOWSUPPORT","true"]],["INSTANCING_ON","PROCEDURAL_INSTANCING_ON","SHADOWS_CUBE","SHADOWS_DEPTH","STEREO_CUBEMAP_RENDER_ON","STEREO_INSTANCING_ON","STEREO_MULTIVIEW_ON","UNITY_SINGLE_PASS_STEREO","_ALPHABLEND_ON","_ALPHAMODULATE_ON","_ALPHAPREMULTIPLY_ON","_ALPHATEST_ON","_COLORADDSUBDIFF_ON","_COLORCOLOR_ON","_COLOROVERLAY_ON","_REQUIRE_UV2","__","_"],[[["__","INSTANCING_ON","PROCEDURAL_INSTANCING_ON"],1],[["_","_ALPHATEST_ON","_ALPHABLEND_ON","_ALPHAPREMULTIPLY_ON","_ALPHAMODULATE_ON"],1],[["_","_REQUIRE_UV2"],1],[["SHADOWS_DEPTH"],0],[["SHADOWS_CUBE"],0]],[],[],0],[2,0,"",0,"",0,[4,null],[0,"_ZWrite"],[0,"_Cull"],[[0,"_SrcBlend"],[0,"_DstBlend"],[0,"_BlendOp"]],[[0,"_SrcBlend"],[0,"_DstBlend"],[0,"_BlendOp"]],[14,null],[0,null],[0,null],[0,null],[255,null],[255,null],[[0,null],[0,null],[0,null],[8,null]],[[0,null],[0,null],[0,null],[8,null]],[[0,null],[0,null],[0,null],[8,null]],[["IGNOREPROJECTOR","true"],["PerformanceChecks","False"],["PreviewType","Plane"],["RenderType","Opaque"]],["EFFECT_BUMP","FOG_EXP","FOG_EXP2","FOG_LINEAR","INSTANCING_ON","PROCEDURAL_INSTANCING_ON","SOFTPARTICLES_ON","STEREO_CUBEMAP_RENDER_ON","STEREO_INSTANCING_ON","STEREO_MULTIVIEW_ON","UNITY_SINGLE_PASS_STEREO","_ALPHABLEND_ON","_ALPHAMODULATE_ON","_ALPHAPREMULTIPLY_ON","_ALPHATEST_ON","_COLORADDSUBDIFF_ON","_COLORCOLOR_ON","_COLOROVERLAY_ON","_EMISSION","_FADING_ON","_NORMALMAP","_REQUIRE_UV2","__","_"],[[["__","INSTANCING_ON","PROCEDURAL_INSTANCING_ON"],1],[["_","_REQUIRE_UV2"],1]],[[2,0,[],9,10,0,0],[2,0,["_ALPHABLEND_ON","_COLORCOLOR_ON"],9,11,0,0]],[],0]],[],[["_MainTex",4,0,0,0,0,"white",0],["_Color",0,1,1,1,1,"",0],["_Cutoff",3,0.5,0,1,0,"",0],["_BumpScale",2,1,0,0,0,"",0],["_BumpMap",4,0,0,0,0,"bump",0],["_EmissionColor",0,0,0,0,1,"",0],["_EmissionMap",4,0,0,0,0,"white",0],["_DistortionStrength",2,1,0,0,0,"",0],["_DistortionBlend",3,0.5,0,1,0,"",0],["_SoftParticlesNearFadeDistance",2,0,0,0,0,"",0],["_SoftParticlesFarFadeDistance",2,1,0,0,0,"",0],["_CameraNearFadeDistance",2,1,0,0,0,"",0],["_CameraFarFadeDistance",2,2,0,0,0,"",0],["_Mode",2,0,0,0,0,"",1],["_ColorMode",2,0,0,0,0,"",1],["_FlipbookMode",2,0,0,0,0,"",1],["_LightingEnabled",2,0,0,0,0,"",1],["_DistortionEnabled",2,0,0,0,0,"",1],["_EmissionEnabled",2,0,0,0,0,"",1],["_BlendOp",2,0,0,0,0,"",1],["_SrcBlend",2,1,0,0,0,"",1],["_DstBlend",2,0,0,0,0,"",1],["_ZWrite",2,1,0,0,0,"",1],["_Cull",2,2,0,0,0,"",1],["_SoftParticlesEnabled",2,0,0,0,0,"",1],["_CameraFadingEnabled",2,0,0,0,0,"",1],["_SoftParticleFadeParams",1,0,0,0,0,"",1],["_CameraFadeParams",1,0,0,0,0,"",1],["_ColorAddSubDiff",1,0,0,0,0,"",1],["_DistortionStrengthScaled",2,0,0,0,0,"",1]],0,70,0,0,0]},{"id":50,"assetBundleId":-2,"data":[[],"Hidden/BlitCopy",null,["STEREO_CUBEMAP_RENDER_ON","STEREO_INSTANCING_ON","STEREO_MULTIVIEW_ON","UNITY_SINGLE_PASS_STEREO"],[[0,0,"",0,"",0,[8,null],[0,null],[0,null],[[1,null],[0,null],[0,null]],[[1,null],[0,null],[0,null]],[15,null],[0,null],[0,null],[0,null],[255,null],[255,null],[[0,null],[0,null],[0,null],[8,null]],[[0,null],[0,null],[0,null],[8,null]],[[0,null],[0,null],[0,null],[8,null]],[],["STEREO_CUBEMAP_RENDER_ON","STEREO_INSTANCING_ON","STEREO_MULTIVIEW_ON","UNITY_SINGLE_PASS_STEREO"],[],[[0,0,[],62,63,0,0]],[],0]],[],[["_MainTex",4,0,0,0,0,"",0],["_Color",0,1,1,1,1,"",0]],null,null,0,0,0]},{"id":70,"assetBundleId":-2,"data":[[],"Legacy Shaders/VertexLit",null,["FOG_EXP","FOG_EXP2","FOG_LINEAR","POINT","SPOT","SHADOWS_DEPTH","STEREO_CUBEMAP_RENDER_ON","STEREO_INSTANCING_ON","STEREO_MULTIVIEW_ON","UNITY_SINGLE_PASS_STEREO","_","__","INSTANCING_ON","SHADOWS_CUBE"],[[0,0,"",1,"",0,[4,null],[1,null],[2,null],[[1,null],[0,null],[0,null]],[[1,null],[0,null],[0,null]],[15,null],[0,null],[0,null],[0,null],[255,null],[255,null],[[0,null],[0,null],[0,null],[8,null]],[[0,null],[0,null],[0,null],[8,null]],[[0,null],[0,null],[0,null],[8,null]],[["LIGHTMODE","Vertex"],["RenderType","Opaque"]],["FOG_EXP","FOG_EXP2","FOG_LINEAR","POINT","SPOT","STEREO_CUBEMAP_RENDER_ON","STEREO_INSTANCING_ON","STEREO_MULTIVIEW_ON","UNITY_SINGLE_PASS_STEREO","_"],[[["_","FOG_LINEAR","FOG_EXP","FOG_EXP2"],1],[["_","POINT","SPOT"],1]],[[0,0,[],70,71,0,0]],[],0],[1,0,"",2,"",0,[4,null],[1,null],[2,null],[[1,null],[0,null],[0,null]],[[1,null],[0,null],[0,null]],[15,null],[0,null],[0,null],[0,null],[255,null],[255,null],[[0,null],[0,null],[0,null],[8,null]],[[0,null],[0,null],[0,null],[8,null]],[[0,null],[0,null],[0,null],[8,null]],[["LIGHTMODE","VertexLM"],["RenderType","Opaque"]],["FOG_EXP","FOG_EXP2","FOG_LINEAR","STEREO_CUBEMAP_RENDER_ON","STEREO_INSTANCING_ON","STEREO_MULTIVIEW_ON","UNITY_SINGLE_PASS_STEREO","__"],[[["__","FOG_LINEAR","FOG_EXP","FOG_EXP2"],1]],[[1,0,[],72,73,0,0]],[],0],[2,0,"ShadowCaster",8,"",0,[4,null],[1,null],[2,null],[[1,null],[0,null],[0,null]],[[1,null],[0,null],[0,null]],[15,null],[0,null],[0,null],[0,null],[255,null],[255,null],[[0,null],[0,null],[0,null],[8,null]],[[0,null],[0,null],[0,null],[8,null]],[[0,null],[0,null],[0,null],[8,null]],[["LIGHTMODE","SHADOWCASTER"],["RenderType","Opaque"],["SHADOWSUPPORT","true"]],["INSTANCING_ON","SHADOWS_CUBE","SHADOWS_DEPTH","STEREO_CUBEMAP_RENDER_ON","STEREO_INSTANCING_ON","STEREO_MULTIVIEW_ON","UNITY_SINGLE_PASS_STEREO","__"],[[["__","INSTANCING_ON"],1],[["SHADOWS_DEPTH"],0],[["SHADOWS_CUBE"],0]],[],[],0]],[],[["_Color",0,1,1,1,1,"",0],["_SpecColor",0,1,1,1,1,"",0],["_Emission",0,0,0,0,0,"",0],["_Shininess",3,0.699999988079071,0.00999999977648258,1,0,"",0],["_MainTex",4,0,0,0,0,"white",0]],null,null,0,0,0]},{"id":66,"assetBundleId":-2,"data":[[],"Standard",null,["DIRECTIONAL","DIRLIGHTMAP_COMBINED","FOG_EXP","FOG_EXP2","FOG_LINEAR","LIGHTMAP_ON","LIGHTPROBE_SH","SHADOWS_SCREEN","SHADOWS_SHADOWMASK","VERTEXLIGHT_ON","_ALPHABLEND_ON","_ALPHAPREMULTIPLY_ON","_ALPHATEST_ON","_EMISSION","_GLOSSYREFLECTIONS_OFF","_METALLICGLOSSMAP","_NORMALMAP","_PARALLAXMAP","_SMOOTHNESS_TEXTURE_ALBEDO_CHANNEL_A","_SPECULARHIGHLIGHTS_OFF","DIRECTIONAL_COOKIE","POINT","POINT_COOKIE","SHADOWS_DEPTH","SPOT","DYNAMICLIGHTMAP_ON","INSTANCING_ON","LIGHTMAP_SHADOW_MIXING","STEREO_CUBEMAP_RENDER_ON","STEREO_INSTANCING_ON","STEREO_MULTIVIEW_ON","UNITY_SINGLE_PASS_STEREO","_DETAIL_MULX2","__","_","SHADOWS_CUBE","SHADOWS_SOFT"],[[0,0,"FORWARD",4,"",0,[4,null],[0,"_ZWrite"],[2,null],[[0,"_SrcBlend"],[0,"_DstBlend"],[0,null]],[[0,"_SrcBlend"],[0,"_DstBlend"],[0,null]],[15,null],[0,null],[0,null],[0,null],[255,null],[255,null],[[0,null],[0,null],[0,null],[8,null]],[[0,null],[0,null],[0,null],[8,null]],[[0,null],[0,null],[0,null],[8,null]],[["LIGHTMODE","FORWARDBASE"],["PerformanceChecks","False"],["RenderType","Opaque"],["SHADOWSUPPORT","true"]],["DIRECTIONAL","DIRLIGHTMAP_COMBINED","DYNAMICLIGHTMAP_ON","FOG_EXP","FOG_EXP2","FOG_LINEAR","INSTANCING_ON","LIGHTMAP_ON","LIGHTMAP_SHADOW_MIXING","LIGHTPROBE_SH","SHADOWS_SCREEN","SHADOWS_SHADOWMASK","STEREO_CUBEMAP_RENDER_ON","STEREO_INSTANCING_ON","STEREO_MULTIVIEW_ON","UNITY_SINGLE_PASS_STEREO","VERTEXLIGHT_ON","_ALPHABLEND_ON","_ALPHAPREMULTIPLY_ON","_ALPHATEST_ON","_DETAIL_MULX2","_EMISSION","_GLOSSYREFLECTIONS_OFF","_METALLICGLOSSMAP","_NORMALMAP","_PARALLAXMAP","_SMOOTHNESS_TEXTURE_ALBEDO_CHANNEL_A","_SPECULARHIGHLIGHTS_OFF","__","_"],[[["__","FOG_LINEAR","FOG_EXP","FOG_EXP2"],1],[["__","INSTANCING_ON"],1],[["_","_NORMALMAP"],1],[["_","_ALPHATEST_ON","_ALPHABLEND_ON","_ALPHAPREMULTIPLY_ON"],1],[["_","_METALLICGLOSSMAP"],1],[["_","_PARALLAXMAP"],1],[["DIRECTIONAL"],0],[["DIRECTIONAL","LIGHTPROBE_SH"],0],[["DIRECTIONAL","SHADOWS_SHADOWMASK","LIGHTPROBE_SH"],0],[["DIRECTIONAL","DYNAMICLIGHTMAP_ON"],0],[["DIRECTIONAL","LIGHTMAP_ON"],0],[["DIRECTIONAL","LIGHTMAP_ON","DYNAMICLIGHTMAP_ON"],0],[["DIRECTIONAL","LIGHTMAP_ON","LIGHTPROBE_SH"],0],[["DIRECTIONAL","LIGHTMAP_ON","LIGHTMAP_SHADOW_MIXING"],0],[["DIRECTIONAL","LIGHTMAP_ON","DYNAMICLIGHTMAP_ON","LIGHTMAP_SHADOW_MIXING"],0],[["DIRECTIONAL","LIGHTMAP_ON","LIGHTMAP_SHADOW_MIXING","LIGHTPROBE_SH"],0],[["DIRECTIONAL","DIRLIGHTMAP_COMBINED","DYNAMICLIGHTMAP_ON"],0],[["DIRECTIONAL","LIGHTMAP_ON","DIRLIGHTMAP_COMBINED"],0],[["DIRECTIONAL","LIGHTMAP_ON","DIRLIGHTMAP_COMBINED","LIGHTPROBE_SH"],0],[["DIRECTIONAL","LIGHTMAP_ON","DIRLIGHTMAP_COMBINED","DYNAMICLIGHTMAP_ON"],0],[["DIRECTIONAL","LIGHTMAP_ON","DIRLIGHTMAP_COMBINED","LIGHTMAP_SHADOW_MIXING"],0],[["DIRECTIONAL","LIGHTMAP_ON","DIRLIGHTMAP_COMBINED","LIGHTMAP_SHADOW_MIXING","LIGHTPROBE_SH"],0],[["DIRECTIONAL","LIGHTMAP_ON","DIRLIGHTMAP_COMBINED","DYNAMICLIGHTMAP_ON","LIGHTMAP_SHADOW_MIXING"],0],[["DIRECTIONAL","LIGHTMAP_ON","SHADOWS_SHADOWMASK"],0],[["DIRECTIONAL","LIGHTMAP_ON","DYNAMICLIGHTMAP_ON","SHADOWS_SHADOWMASK"],0],[["DIRECTIONAL","LIGHTMAP_ON","SHADOWS_SHADOWMASK","LIGHTPROBE_SH"],0],[["DIRECTIONAL","LIGHTMAP_ON","DIRLIGHTMAP_COMBINED","SHADOWS_SHADOWMASK"],0],[["DIRECTIONAL","LIGHTMAP_ON","DIRLIGHTMAP_COMBINED","DYNAMICLIGHTMAP_ON","SHADOWS_SHADOWMASK"],0],[["DIRECTIONAL","LIGHTMAP_ON","DIRLIGHTMAP_COMBINED","SHADOWS_SHADOWMASK","LIGHTPROBE_SH"],0],[["DIRECTIONAL","LIGHTMAP_ON","SHADOWS_SHADOWMASK","LIGHTMAP_SHADOW_MIXING"],0],[["DIRECTIONAL","LIGHTMAP_ON","DYNAMICLIGHTMAP_ON","SHADOWS_SHADOWMASK","LIGHTMAP_SHADOW_MIXING"],0],[["DIRECTIONAL","LIGHTMAP_ON","SHADOWS_SHADOWMASK","LIGHTMAP_SHADOW_MIXING","LIGHTPROBE_SH"],0],[["DIRECTIONAL","LIGHTMAP_ON","DIRLIGHTMAP_COMBINED","SHADOWS_SHADOWMASK","LIGHTMAP_SHADOW_MIXING"],0],[["DIRECTIONAL","LIGHTMAP_ON","DIRLIGHTMAP_COMBINED","DYNAMICLIGHTMAP_ON","SHADOWS_SHADOWMASK","LIGHTMAP_SHADOW_MIXING"],0],[["DIRECTIONAL","LIGHTMAP_ON","DIRLIGHTMAP_COMBINED","SHADOWS_SHADOWMASK","LIGHTMAP_SHADOW_MIXING","LIGHTPROBE_SH"],0],[["DIRECTIONAL","SHADOWS_SCREEN"],0],[["DIRECTIONAL","SHADOWS_SCREEN","LIGHTPROBE_SH"],0],[["DIRECTIONAL","DYNAMICLIGHTMAP_ON","SHADOWS_SCREEN"],0],[["DIRECTIONAL","SHADOWS_SCREEN","LIGHTMAP_SHADOW_MIXING","LIGHTPROBE_SH"],0],[["DIRECTIONAL","DYNAMICLIGHTMAP_ON","SHADOWS_SCREEN","LIGHTMAP_SHADOW_MIXING"],0],[["DIRECTIONAL","SHADOWS_SCREEN","SHADOWS_SHADOWMASK","LIGHTPROBE_SH"],0],[["DIRECTIONAL","DYNAMICLIGHTMAP_ON","SHADOWS_SCREEN","SHADOWS_SHADOWMASK"],0],[["DIRECTIONAL","SHADOWS_SCREEN","SHADOWS_SHADOWMASK","LIGHTMAP_SHADOW_MIXING","LIGHTPROBE_SH"],0],[["DIRECTIONAL","DYNAMICLIGHTMAP_ON","SHADOWS_SCREEN","SHADOWS_SHADOWMASK","LIGHTMAP_SHADOW_MIXING"],0],[["DIRECTIONAL","LIGHTMAP_ON","SHADOWS_SCREEN"],0],[["DIRECTIONAL","LIGHTMAP_ON","DYNAMICLIGHTMAP_ON","SHADOWS_SCREEN"],0],[["DIRECTIONAL","LIGHTMAP_ON","SHADOWS_SCREEN","LIGHTPROBE_SH"],0],[["DIRECTIONAL","LIGHTMAP_ON","SHADOWS_SCREEN","LIGHTMAP_SHADOW_MIXING"],0],[["DIRECTIONAL","LIGHTMAP_ON","DYNAMICLIGHTMAP_ON","SHADOWS_SCREEN","LIGHTMAP_SHADOW_MIXING"],0],[["DIRECTIONAL","LIGHTMAP_ON","SHADOWS_SCREEN","LIGHTMAP_SHADOW_MIXING","LIGHTPROBE_SH"],0],[["DIRECTIONAL","LIGHTMAP_ON","SHADOWS_SCREEN","SHADOWS_SHADOWMASK"],0],[["DIRECTIONAL","LIGHTMAP_ON","DYNAMICLIGHTMAP_ON","SHADOWS_SCREEN","SHADOWS_SHADOWMASK"],0],[["DIRECTIONAL","LIGHTMAP_ON","SHADOWS_SCREEN","SHADOWS_SHADOWMASK","LIGHTPROBE_SH"],0],[["DIRECTIONAL","LIGHTMAP_ON","SHADOWS_SCREEN","SHADOWS_SHADOWMASK","LIGHTMAP_SHADOW_MIXING"],0],[["DIRECTIONAL","LIGHTMAP_ON","DYNAMICLIGHTMAP_ON","SHADOWS_SCREEN","SHADOWS_SHADOWMASK","LIGHTMAP_SHADOW_MIXING"],0],[["DIRECTIONAL","LIGHTMAP_ON","SHADOWS_SCREEN","SHADOWS_SHADOWMASK","LIGHTMAP_SHADOW_MIXING","LIGHTPROBE_SH"],0],[["DIRECTIONAL","DIRLIGHTMAP_COMBINED","DYNAMICLIGHTMAP_ON","SHADOWS_SCREEN"],0],[["DIRECTIONAL","LIGHTMAP_ON","DIRLIGHTMAP_COMBINED","SHADOWS_SCREEN"],0],[["DIRECTIONAL","LIGHTMAP_ON","DIRLIGHTMAP_COMBINED","SHADOWS_SCREEN","LIGHTPROBE_SH"],0],[["DIRECTIONAL","LIGHTMAP_ON","DIRLIGHTMAP_COMBINED","DYNAMICLIGHTMAP_ON","SHADOWS_SCREEN"],0],[["DIRECTIONAL","LIGHTMAP_ON","DIRLIGHTMAP_COMBINED","SHADOWS_SCREEN","LIGHTMAP_SHADOW_MIXING"],0],[["DIRECTIONAL","LIGHTMAP_ON","DIRLIGHTMAP_COMBINED","SHADOWS_SCREEN","LIGHTMAP_SHADOW_MIXING","LIGHTPROBE_SH"],0],[["DIRECTIONAL","LIGHTMAP_ON","DIRLIGHTMAP_COMBINED","DYNAMICLIGHTMAP_ON","SHADOWS_SCREEN","LIGHTMAP_SHADOW_MIXING"],0],[["DIRECTIONAL","LIGHTMAP_ON","DIRLIGHTMAP_COMBINED","SHADOWS_SCREEN","SHADOWS_SHADOWMASK"],0],[["DIRECTIONAL","LIGHTMAP_ON","DIRLIGHTMAP_COMBINED","SHADOWS_SCREEN","SHADOWS_SHADOWMASK","LIGHTPROBE_SH"],0],[["DIRECTIONAL","LIGHTMAP_ON","DIRLIGHTMAP_COMBINED","DYNAMICLIGHTMAP_ON","SHADOWS_SCREEN","SHADOWS_SHADOWMASK"],0],[["DIRECTIONAL","LIGHTMAP_ON","DIRLIGHTMAP_COMBINED","SHADOWS_SCREEN","SHADOWS_SHADOWMASK","LIGHTMAP_SHADOW_MIXING"],0],[["DIRECTIONAL","LIGHTMAP_ON","DIRLIGHTMAP_COMBINED","SHADOWS_SCREEN","SHADOWS_SHADOWMASK","LIGHTMAP_SHADOW_MIXING","LIGHTPROBE_SH"],0],[["DIRECTIONAL","LIGHTMAP_ON","DIRLIGHTMAP_COMBINED","DYNAMICLIGHTMAP_ON","SHADOWS_SCREEN","SHADOWS_SHADOWMASK","LIGHTMAP_SHADOW_MIXING"],0],[["DIRECTIONAL","VERTEXLIGHT_ON"],0],[["DIRECTIONAL","VERTEXLIGHT_ON","LIGHTPROBE_SH"],0],[["DIRECTIONAL","VERTEXLIGHT_ON","DYNAMICLIGHTMAP_ON"],0],[["DIRECTIONAL","VERTEXLIGHT_ON","DIRLIGHTMAP_COMBINED","DYNAMICLIGHTMAP_ON"],0],[["DIRECTIONAL","VERTEXLIGHT_ON","SHADOWS_SCREEN"],0],[["DIRECTIONAL","VERTEXLIGHT_ON","SHADOWS_SCREEN","LIGHTPROBE_SH"],0],[["DIRECTIONAL","VERTEXLIGHT_ON","DYNAMICLIGHTMAP_ON","SHADOWS_SCREEN"],0],[["DIRECTIONAL","VERTEXLIGHT_ON","DIRLIGHTMAP_COMBINED","DYNAMICLIGHTMAP_ON","SHADOWS_SCREEN"],0],[["DIRECTIONAL","VERTEXLIGHT_ON","SHADOWS_SCREEN","LIGHTMAP_SHADOW_MIXING"],0],[["DIRECTIONAL","VERTEXLIGHT_ON","SHADOWS_SCREEN","LIGHTMAP_SHADOW_MIXING","LIGHTPROBE_SH"],0],[["DIRECTIONAL","VERTEXLIGHT_ON","DYNAMICLIGHTMAP_ON","SHADOWS_SCREEN","LIGHTMAP_SHADOW_MIXING"],0],[["DIRECTIONAL","VERTEXLIGHT_ON","DIRLIGHTMAP_COMBINED","DYNAMICLIGHTMAP_ON","SHADOWS_SCREEN","LIGHTMAP_SHADOW_MIXING"],0],[["DIRECTIONAL","VERTEXLIGHT_ON","SHADOWS_SCREEN","SHADOWS_SHADOWMASK"],0],[["DIRECTIONAL","VERTEXLIGHT_ON","SHADOWS_SCREEN","SHADOWS_SHADOWMASK","LIGHTPROBE_SH"],0],[["DIRECTIONAL","VERTEXLIGHT_ON","DYNAMICLIGHTMAP_ON","SHADOWS_SCREEN","SHADOWS_SHADOWMASK"],0],[["DIRECTIONAL","VERTEXLIGHT_ON","DIRLIGHTMAP_COMBINED","DYNAMICLIGHTMAP_ON","SHADOWS_SCREEN","SHADOWS_SHADOWMASK"],0],[["DIRECTIONAL","VERTEXLIGHT_ON","SHADOWS_SCREEN","SHADOWS_SHADOWMASK","LIGHTMAP_SHADOW_MIXING"],0],[["DIRECTIONAL","VERTEXLIGHT_ON","SHADOWS_SCREEN","SHADOWS_SHADOWMASK","LIGHTMAP_SHADOW_MIXING","LIGHTPROBE_SH"],0],[["DIRECTIONAL","VERTEXLIGHT_ON","DYNAMICLIGHTMAP_ON","SHADOWS_SCREEN","SHADOWS_SHADOWMASK","LIGHTMAP_SHADOW_MIXING"],0],[["DIRECTIONAL","VERTEXLIGHT_ON","DIRLIGHTMAP_COMBINED","DYNAMICLIGHTMAP_ON","SHADOWS_SCREEN","SHADOWS_SHADOWMASK","LIGHTMAP_SHADOW_MIXING"],0]],[[0,0,["DIRECTIONAL"],74,75,0,0],[0,0,["DIRECTIONAL","LIGHTPROBE_SH"],76,77,0,0],[0,0,["DIRECTIONAL","_EMISSION"],74,78,0,0],[0,0,["DIRECTIONAL","LIGHTPROBE_SH","_EMISSION"],76,79,0,0]],[],0],[1,0,"FORWARD_DELTA",5,"",0,[4,null],[0,null],[2,null],[[0,"_SrcBlend"],[1,null],[0,null]],[[0,"_SrcBlend"],[1,null],[0,null]],[15,null],[0,null],[0,null],[0,null],[255,null],[255,null],[[0,null],[0,null],[0,null],[8,null]],[[0,null],[0,null],[0,null],[8,null]],[[0,null],[0,null],[0,null],[8,null]],[["LIGHTMODE","FORWARDADD"],["PerformanceChecks","False"],["RenderType","Opaque"],["SHADOWSUPPORT","true"]],["DIRECTIONAL","DIRECTIONAL_COOKIE","FOG_EXP","FOG_EXP2","FOG_LINEAR","LIGHTMAP_SHADOW_MIXING","POINT","POINT_COOKIE","SHADOWS_CUBE","SHADOWS_DEPTH","SHADOWS_SCREEN","SHADOWS_SHADOWMASK","SHADOWS_SOFT","SPOT","STEREO_CUBEMAP_RENDER_ON","STEREO_INSTANCING_ON","STEREO_MULTIVIEW_ON","UNITY_SINGLE_PASS_STEREO","_ALPHABLEND_ON","_ALPHAPREMULTIPLY_ON","_ALPHATEST_ON","_DETAIL_MULX2","_METALLICGLOSSMAP","_NORMALMAP","_PARALLAXMAP","_SMOOTHNESS_TEXTURE_ALBEDO_CHANNEL_A","_SPECULARHIGHLIGHTS_OFF","__","_"],[[["__","FOG_LINEAR","FOG_EXP","FOG_EXP2"],1],[["_","_NORMALMAP"],1],[["_","_ALPHATEST_ON","_ALPHABLEND_ON","_ALPHAPREMULTIPLY_ON"],1],[["_","_METALLICGLOSSMAP"],1],[["_","_PARALLAXMAP"],1],[["POINT"],0],[["DIRECTIONAL"],0],[["SPOT"],0],[["POINT_COOKIE"],0],[["DIRECTIONAL_COOKIE"],0],[["POINT","SHADOWS_SHADOWMASK"],0],[["DIRECTIONAL","SHADOWS_SHADOWMASK"],0],[["SPOT","SHADOWS_SHADOWMASK"],0],[["POINT_COOKIE","SHADOWS_SHADOWMASK"],0],[["DIRECTIONAL_COOKIE","SHADOWS_SHADOWMASK"],0],[["POINT","SHADOWS_SHADOWMASK","LIGHTMAP_SHADOW_MIXING"],0],[["DIRECTIONAL","SHADOWS_SHADOWMASK","LIGHTMAP_SHADOW_MIXING"],0],[["SPOT","SHADOWS_SHADOWMASK","LIGHTMAP_SHADOW_MIXING"],0],[["POINT_COOKIE","SHADOWS_SHADOWMASK","LIGHTMAP_SHADOW_MIXING"],0],[["DIRECTIONAL_COOKIE","SHADOWS_SHADOWMASK","LIGHTMAP_SHADOW_MIXING"],0],[["SPOT","SHADOWS_DEPTH"],0],[["SPOT","SHADOWS_DEPTH","SHADOWS_SOFT"],0],[["SPOT","SHADOWS_DEPTH","LIGHTMAP_SHADOW_MIXING"],0],[["SPOT","SHADOWS_DEPTH","SHADOWS_SOFT","LIGHTMAP_SHADOW_MIXING"],0],[["SPOT","SHADOWS_DEPTH","SHADOWS_SHADOWMASK"],0],[["SPOT","SHADOWS_DEPTH","SHADOWS_SOFT","SHADOWS_SHADOWMASK"],0],[["SPOT","SHADOWS_DEPTH","SHADOWS_SHADOWMASK","LIGHTMAP_SHADOW_MIXING"],0],[["SPOT","SHADOWS_DEPTH","SHADOWS_SOFT","SHADOWS_SHADOWMASK","LIGHTMAP_SHADOW_MIXING"],0],[["DIRECTIONAL","SHADOWS_SCREEN"],0],[["DIRECTIONAL_COOKIE","SHADOWS_SCREEN"],0],[["DIRECTIONAL","SHADOWS_SCREEN","LIGHTMAP_SHADOW_MIXING"],0],[["DIRECTIONAL_COOKIE","SHADOWS_SCREEN","LIGHTMAP_SHADOW_MIXING"],0],[["DIRECTIONAL","SHADOWS_SCREEN","SHADOWS_SHADOWMASK"],0],[["DIRECTIONAL_COOKIE","SHADOWS_SCREEN","SHADOWS_SHADOWMASK"],0],[["DIRECTIONAL","SHADOWS_SCREEN","SHADOWS_SHADOWMASK","LIGHTMAP_SHADOW_MIXING"],0],[["DIRECTIONAL_COOKIE","SHADOWS_SCREEN","SHADOWS_SHADOWMASK","LIGHTMAP_SHADOW_MIXING"],0],[["POINT","SHADOWS_CUBE"],0],[["POINT","SHADOWS_CUBE","SHADOWS_SOFT"],0],[["POINT","SHADOWS_CUBE","LIGHTMAP_SHADOW_MIXING"],0],[["POINT","SHADOWS_CUBE","SHADOWS_SOFT","LIGHTMAP_SHADOW_MIXING"],0],[["POINT","SHADOWS_CUBE","SHADOWS_SHADOWMASK"],0],[["POINT","SHADOWS_CUBE","SHADOWS_SOFT","SHADOWS_SHADOWMASK"],0],[["POINT","SHADOWS_CUBE","SHADOWS_SHADOWMASK","LIGHTMAP_SHADOW_MIXING"],0],[["POINT","SHADOWS_CUBE","SHADOWS_SOFT","SHADOWS_SHADOWMASK","LIGHTMAP_SHADOW_MIXING"],0],[["POINT_COOKIE","SHADOWS_CUBE"],0],[["POINT_COOKIE","SHADOWS_CUBE","SHADOWS_SOFT"],0],[["POINT_COOKIE","SHADOWS_CUBE","LIGHTMAP_SHADOW_MIXING"],0],[["POINT_COOKIE","SHADOWS_CUBE","SHADOWS_SOFT","LIGHTMAP_SHADOW_MIXING"],0],[["POINT_COOKIE","SHADOWS_CUBE","SHADOWS_SHADOWMASK"],0],[["POINT_COOKIE","SHADOWS_CUBE","SHADOWS_SOFT","SHADOWS_SHADOWMASK"],0],[["POINT_COOKIE","SHADOWS_CUBE","SHADOWS_SHADOWMASK","LIGHTMAP_SHADOW_MIXING"],0],[["POINT_COOKIE","SHADOWS_CUBE","SHADOWS_SOFT","SHADOWS_SHADOWMASK","LIGHTMAP_SHADOW_MIXING"],0]],[[1,0,["DIRECTIONAL"],80,81,0,0]],[],0],[2,0,"ShadowCaster",8,"",0,[4,null],[1,null],[2,null],[[1,null],[0,null],[0,null]],[[1,null],[0,null],[0,null]],[15,null],[0,null],[0,null],[0,null],[255,null],[255,null],[[0,null],[0,null],[0,null],[8,null]],[[0,null],[0,null],[0,null],[8,null]],[[0,null],[0,null],[0,null],[8,null]],[["LIGHTMODE","SHADOWCASTER"],["PerformanceChecks","False"],["RenderType","Opaque"],["SHADOWSUPPORT","true"]],["INSTANCING_ON","SHADOWS_CUBE","SHADOWS_DEPTH","STEREO_CUBEMAP_RENDER_ON","STEREO_INSTANCING_ON","STEREO_MULTIVIEW_ON","UNITY_SINGLE_PASS_STEREO","_ALPHABLEND_ON","_ALPHAPREMULTIPLY_ON","_ALPHATEST_ON","_METALLICGLOSSMAP","_PARALLAXMAP","_SMOOTHNESS_TEXTURE_ALBEDO_CHANNEL_A","__","_"],[[["__","INSTANCING_ON"],1],[["_","_ALPHATEST_ON","_ALPHABLEND_ON","_ALPHAPREMULTIPLY_ON"],1],[["_","_METALLICGLOSSMAP"],1],[["_","_PARALLAXMAP"],1],[["SHADOWS_DEPTH"],0],[["SHADOWS_CUBE"],0]],[],[],0]],[],[["_Color",0,1,1,1,1,"",0],["_MainTex",4,0,0,0,0,"white",0],["_Cutoff",3,0.5,0,1,0,"",0],["_Glossiness",3,0.5,0,1,0,"",0],["_GlossMapScale",3,1,0,1,0,"",0],["_SmoothnessTextureChannel",2,0,0,0,0,"",0],["_Metallic",3,0,0,1,0,"",32],["_MetallicGlossMap",4,0,0,0,0,"white",0],["_SpecularHighlights",2,1,0,0,0,"",0],["_GlossyReflections",2,1,0,0,0,"",0],["_BumpScale",2,1,0,0,0,"",0],["_BumpMap",4,0,0,0,0,"bump",8],["_Parallax",3,0.0199999995529652,0.00499999988824129,0.0799999982118607,0,"",0],["_ParallaxMap",4,0,0,0,0,"black",0],["_OcclusionStrength",3,1,0,1,0,"",0],["_OcclusionMap",4,0,0,0,0,"white",0],["_EmissionColor",0,0,0,0,1,"",0],["_EmissionMap",4,0,0,0,0,"white",0],["_DetailMask",4,0,0,0,0,"white",0],["_DetailAlbedoMap",4,0,0,0,0,"grey",0],["_DetailNormalMapScale",2,1,0,0,0,"",0],["_DetailNormalMap",4,0,0,0,0,"bump",8],["_UVSec",2,0,0,0,0,"",0],["_Mode",2,0,0,0,0,"",1],["_SrcBlend",2,1,0,0,0,"",1],["_DstBlend",2,0,0,0,0,"",1],["_ZWrite",2,1,0,0,0,"",1]],0,70,0,0,0]}],"sprites":[{"id":738,"path":"Resources/unity_builtin_extra\\UISprite","assetBundleId":-2,"data":["UISprite",6,736,[0,0,0,0.08,0.08,0],[0.05,0.08,0,0.8125,1,0.08,-0.08,0,1,0,0.08,0.075,0,1,0.96875,-0.07,0.08,0,0.0625,1,-0.075,-0.08,0,0.03124997,0,-0.08,0.07,0,0,0.9375,-0.08,-0.05,0,0,0.1875],[6,5,4,3,4,5,1,4,3,0,1,3,2,1,0],-0.000835968181490898,-0.00160364620387554,0.999164044857025,0.998396337032318,0,0,1,1,0.3125,0.3125,0.3125,0.3125,[0,0,0,0],[-0.08,-0.08,0.08,0.08],200,32,32,32,32,16,16,0.0267509818077087,0.0513166785240173]}],"textures":[{"id":736,"type":0,"path":"Resources/unity_builtin_extra\\UISprite","assetBundleId":-2,"data":["UISprite",32,32,6,16,1,0,4,1,1,1,8,0,0,1,1]}],"resources":[{"id":0,"assetBundleId":-2,"data":[[["unity_builtin_extra",0,28],["unity_builtin_extra",5,458],["unity_builtin_extra",0,66],["unity_builtin_extra",0,176],["fonts & materials/liberationsans sdf",6,24630],["fonts & materials/liberationsans sdf",5,24504],["fonts & materials/liberationsans sdf",16,24502],["unity_builtin_extra",6,736],["unity_builtin_extra",15,738],["unity_builtin_extra",0,30],["fonts & materials/liberationsans sdf - drop shadow",5,24686],["fonts & materials/liberationsans sdf - outline",5,24692],["linebreaking following characters",59,24698],["linebreaking leading characters",59,24696],["sprite assets/emojione",5,24700],["sprite assets/emojione",56,24688],["sprite assets/emojione",5,31122],["style sheets/default style sheet",57,24694],["tmp settings",58,24690],["unity_builtin_extra",0,50],["unity_builtin_extra",0,70]],[24190,24200,24168,24126,24216,24200,24210,24200,24184,24126,24186,24126,24438,24518,24512,24518,24488,24518,24640,24518,24634,24518,113340,113630,24638,24518,24636,24518,-2630004,113630,-2630012,113630,24600,24518,-2630008,113630,-2630016,113630,24606,24518,24596,24518,113488,113630,-2630260,113630,-2630268,113630,-2630264,113630,-2630272,113630,113586,113630,-2630402,113630,-2630410,113630,-2630406,113630,-2630414,113630,113328,113630,-2629982,113630,-2629990,113630,-2629986,113630,-2629994,113630,113284,113630,-2629900,113630,-2629908,113630,-2629904,113630,-2629912,113630,113262,113630,-2629818,113630,-2629826,113630,-2629822,113630,-2629830,113630,113342,113630,113490,113630,113588,113630,113330,113630,113286,113630,113264,113630,23890,23868,24034,24042,24046,24042,24018,23868,24020,23868,24022,23868,24024,23868,23872,23868,23870,23868,23876,23868,23888,23868,113494,113546,-2630282,113546,-2630288,113546,-2630294,113546,-2630300,113546,23878,23868,-2630290,113546,-2630296,113546,-2630284,113546,-2630302,113546,24028,23868,24030,23868,113652,113546,-2630634,113546,-2630640,113546,-2630646,113546,-2630652,113546,-2630642,113546,-2630648,113546,-2630636,113546,-2630654,113546,113444,113546,-2630200,113546,-2630206,113546,-2630212,113546,-2630218,113546,-2630208,113546,-2630214,113546,-2630202,113546,-2630220,113546,113252,113546,-2629788,113546,-2629794,113546,-2629800,113546,-2629806,113546,-2629796,113546,-2629802,113546,-2629790,113546,-2629808,113546,113712,113546,-2630800,113546,-2630806,113546,-2630812,113546,-2630818,113546,-2630808,113546,-2630814,113546,-2630802,113546,-2630820,113546,113624,113546,-2630514,113546,-2630520,113546,-2630526,113546,-2630532,113546,-2630522,113546,-2630528,113546,-2630516,113546,-2630534,113546,113704,113546,-2630770,113546,-2630776,113546,-2630782,113546,-2630788,113546,-2630778,113546,-2630784,113546,-2630772,113546,-2630790,113546,113646,113546,-2630604,113546,-2630610,113546,-2630616,113546,-2630622,113546,-2630612,113546,-2630618,113546,-2630606,113546,-2630624,113546,113596,113546,-2630424,113546,-2630430,113546,-2630436,113546,-2630442,113546,-2630432,113546,-2630438,113546,-2630426,113546,-2630444,113546,113154,113546,-2629668,113546,-2629674,113546,-2629680,113546,-2629686,113546,-2629676,113546,-2629682,113546,-2629670,113546,-2629688,113546,113346,113546,-2630026,113546,-2630032,113546,-2630038,113546,-2630044,113546,-2630034,113546,-2630040,113546,-2630028,113546,-2630046,113546,113324,113546,-2629952,113546,-2629958,113546,-2629964,113546,-2629970,113546,-2629960,113546,-2629966,113546,-2629954,113546,-2629972,113546,113642,113546,-2630574,113546,-2630580,113546,-2630586,113546,-2630592,113546,-2630582,113546,-2630588,113546,-2630576,113546,-2630594,113546,113402,113546,-2630102,113546,-2630108,113546,-2630114,113546,-2630120,113546,-2630110,113546,-2630116,113546,-2630104,113546,-2630122,113546,113780,113546,-2630898,113546,-2630904,113546,-2630910,113546,-2630916,113546,-2630906,113546,-2630912,113546,-2630900,113546,-2630918,113546,113574,113546,-2630342,113546,-2630348,113546,-2630354,113546,-2630360,113546,-2630350,113546,-2630356,113546,-2630344,113546,-2630362,113546,113554,113546,-2630312,113546,-2630318,113546,-2630324,113546,-2630330,113546,-2630320,113546,-2630326,113546,-2630314,113546,-2630332,113546,113658,113546,-2630664,113546,-2630670,113546,-2630676,113546,-2630682,113546,-2630672,113546,-2630678,113546,-2630666,113546,-2630684,113546,113370,113546,-2630064,113546,-2630070,113546,-2630076,113546,-2630082,113546,-2630072,113546,-2630078,113546,-2630066,113546,-2630084,113546,113434,113546,-2630170,113546,-2630176,113546,-2630182,113546,-2630188,113546,-2630178,113546,-2630184,113546,-2630172,113546,-2630190,113546,113190,113546,-2629698,113546,-2629704,113546,-2629710,113546,-2629716,113546,-2629706,113546,-2629712,113546,-2629700,113546,-2629718,113546,113692,113546,-2630740,113546,-2630746,113546,-2630752,113546,-2630758,113546,-2630748,113546,-2630754,113546,-2630742,113546,-2630760,113546,113146,113546,-2629638,113546,-2629644,113546,-2629650,113546,-2629656,113546,-2629646,113546,-2629652,113546,-2629640,113546,-2629658,113546,113240,113546,-2629728,113546,-2629734,113546,-2629740,113546,-2629746,113546,-2629736,113546,-2629742,113546,-2629730,113546,-2629748,113546,113580,113546,-2630372,113546,-2630378,113546,-2630384,113546,-2630390,113546,-2630380,113546,-2630386,113546,-2630374,113546,-2630392,113546,113248,113546,-2629758,113546,-2629764,113546,-2629770,113546,-2629776,113546,-2629766,113546,-2629772,113546,-2629760,113546,-2629778,113546,113428,113546,-2630140,113546,-2630146,113546,-2630152,113546,-2630158,113546,-2630148,113546,-2630154,113546,-2630142,113546,-2630160,113546,113752,113546,-2630868,113546,-2630874,113546,-2630880,113546,-2630886,113546,-2630876,113546,-2630882,113546,-2630870,113546,-2630888,113546,113680,113546,-2630710,113546,-2630716,113546,-2630722,113546,-2630728,113546,-2630718,113546,-2630724,113546,-2630712,113546,-2630730,113546,113618,113546,-2630484,113546,-2630490,113546,-2630496,113546,-2630502,113546,-2630492,113546,-2630498,113546,-2630486,113546,-2630504,113546,113478,113546,-2630230,113546,-2630236,113546,-2630242,113546,-2630248,113546,-2630238,113546,-2630244,113546,-2630232,113546,-2630250,113546,113496,113546,113654,113546,113700,113546,113664,113546,113714,113546,113708,113546,113706,113546,113648,113546,113598,113546,113606,113546,113410,113546,113540,113546,113736,113546,113634,113546,113782,113546,113576,113546,113556,113546,113662,113546,113372,113546,113436,113546,113430,113546,113694,113546,113178,113546,113398,113546,113582,113546,113332,113546,113738,113546,113754,113546,113682,113546,113620,113546,113512,113546,113290,113546,-2629922,113546,-2629928,113546,-2629934,113546,-2629940,113546,-2629930,113546,-2629936,113546,-2629924,113546,-2629942,113546,113602,113546,-2630454,113546,-2630460,113546,-2630466,113546,-2630472,113546,-2630462,113546,-2630468,113546,-2630456,113546,-2630474,113546,113268,113546,-2629840,113546,-2629846,113546,-2629852,113546,-2629858,113546,-2629848,113546,-2629854,113546,-2629842,113546,-2629860,113546,113718,113546,-2630830,113546,-2630836,113546,-2630842,113546,-2630848,113546,-2630838,113546,-2630844,113546,-2630832,113546,-2630850,113546,113292,113546,113604,113546,113608,113546,113720,113546,113272,113546,-2629870,113546,-2629876,113546,-2629882,113546,-2629888,113546,-2629878,113546,-2629884,113546,-2629872,113546,-2629890,113546,113638,113546,-2630544,113546,-2630550,113546,-2630556,113546,-2630562,113546,-2630552,113546,-2630558,113546,-2630546,113546,-2630564,113546,113274,113546,113660,113546,24248,24294,24296,24294,113788,113566,24328,24294,-2630924,113566,24256,24294,113362,113566,-2630052,113566,113416,113566,-2630128,113566,113676,113566,-2630698,113566,113384,113566,-2630090,113566,113670,113566,-2630690,113566,113726,113566,-2630856,113566,113786,113566,113360,113566,113414,113566,113674,113566,113382,113566,113668,113566,113724,113566,24220,23968,24254,23968,23970,23968,24222,23968,24268,23968,24224,23968,24262,23968,24226,23968,24280,23968,24228,23968,24274,23968,24230,23968,24292,23968,24232,23968,24286,23968,24234,23968,24236,23968,24238,23968,24240,23968,24242,23968,24244,23968,24246,23968,23956,23958,23960,23958,24088,23958,24090,23958,24092,23958,24094,23958,24096,23958,24098,23958,24100,23958,24102,23958,24104,23958,24106,23958,24108,23958,24110,23958,24112,23958,24114,23958,24116,23958,24118,23958,24120,23958,24122,23958,24074,23958,23964,23958,24076,23958,24078,23958,24080,23958,24082,23958,24084,23958,23954,23958,23952,23958,24086,23958,24010,24012,24664,24012,24666,24012,24668,24012,24340,23988,24346,23988,24334,23988,23990,23988,24408,23988,24428,23988,23992,23988,24350,23988,24000,23988,24460,23988,24462,23988,23984,23988,24610,23988,24560,23988,23996,23988,24444,23988,24446,23988,24604,23988,24580,23988,23998,23988,24452,23988,24454,23988,24618,23988,24576,23988,24002,23988,24468,23988,24470,23988,24614,23988,24564,23988,24004,23988,24476,23988,24478,23988,24594,23988,24568,23988,24006,23988,24484,23988,24486,23988,24590,23988,24572,23988,24342,23988,24352,23988,24380,23988,24336,23988,24360,23988,24436,23988,24386,23988,23978,23988,24338,23988]]}],"project-settings":[{"id":-1,"assetBundleId":-2,"data":[[["UnityEngine.U2D.CinemachinePixelPerfect",-1],["UnityEngine.EventSystems.EventSystem",-1000],["UnityEngine.UI.ToggleGroup",10],["TMPro.TextMeshPro",-105],["TMPro.TextMeshProUGUI",-100],["TMPro.TextContainer",-110]],[[0,"Default",0]],[[0,"Default"],[1,"TransparentFX"],[2,"Ignore Raycast"],[3,"Tile"],[4,"Water"],[5,"UI"]],[0.0199999995529652,0.333333343267441,1,0.0299999993294477],[0,-9.8100004196167,0,6,2,0,1,[[0,0,0],[0,0,1],[0,0,2],[0,0,3],[0,0,4],[0,0,5],[0,1,0],[0,1,1],[0,1,2],[0,1,3],[0,1,4],[0,1,5],[0,2,0],[0,2,1],[0,2,2],[0,2,3],[0,2,4],[0,2,5],[0,3,0],[0,3,1],[0,3,2],[0,3,3],[0,3,4],[0,3,5],[0,4,0],[0,4,1],[0,4,2],[0,4,3],[0,4,4],[0,4,5],[0,5,0],[0,5,1],[0,5,2],[0,5,3],[0,5,4],[0,5,5]]],[null,null,0,-9.8100004196167,3,8,1,0.200000002980232,8,100,360,0.200000002980232,0.75,0.5,0.00999999977648258,2,0.00999999977648258,1,1,1,1,1,0,[[1,0,0],[1,0,1],[1,0,2],[1,0,3],[1,0,4],[1,0,5],[1,1,0],[1,1,1],[1,1,2],[1,1,3],[1,1,4],[1,1,5],[1,2,0],[1,2,1],[1,2,2],[1,2,3],[1,2,4],[1,2,5],[1,3,0],[1,3,1],[1,3,2],[0,3,3],[1,3,4],[1,3,5],[1,4,0],[1,4,1],[1,4,2],[1,4,3],[1,4,4],[1,4,5],[1,5,0],[1,5,1],[1,5,2],[1,5,3],[1,5,4],[1,5,5]]],[[[[],["Very Low"],0,0,0,0.300000011920929,1,15,0,1,0,0,0,0,0,1,2,4,0,0,0.333333343267441,0.0666666701436043,0.200000002980232,0.466666668653488,0,0,16,2,0,3,512,0,1,2,512,1,1024,0]],["Very Low"],0,0,0,0.300000011920929,1,15,0,1,0,0,0,0,0,1,2,4,0,0,0.333333343267441,0.0666666701436043,0.200000002980232,0.466666668653488,0,0,16,2,0,3,512,0,1,2,512,1,1024,0],0,0,0,2,0,["Untagged","Respawn","Finish","EditorOnly","MainCamera","Player","GameController"]]}]}