{"materials":[{"id":58,"path":"Resources/unity_builtin_extra\\Sprites-Default","assetBundleId":-2,"data":["Sprites-Default",0,52,3000,0,[["PixelSnap",0],["_EnableExternalAlpha",0]],[["_Color",1,1,1,1],["_RendererColor",1,1,1,1]],[["_MainTex_ST",1,1,0,0],["_Flip",1,1,1,1],["_AlphaTex_ST",1,1,0,0]],[["_MainTex",null,null],["_AlphaTex",null,null]],[]]}],"shaders":[{"id":268,"assetBundleId":-2,"data":[[],"Hidden/BlitCopy",null,["STEREO_CUBEMAP_RENDER_ON","STEREO_INSTANCING_ON","STEREO_MULTIVIEW_ON","UNITY_SINGLE_PASS_STEREO"],[[0,0,"",0,"",0,[8,null],[0,null],[0,null],[[1,null],[0,null],[0,null]],[[1,null],[0,null],[0,null]],[15,null],[0,null],[0,null],[0,null],[255,null],[255,null],[[0,null],[0,null],[0,null],[8,null]],[[0,null],[0,null],[0,null],[8,null]],[[0,null],[0,null],[0,null],[8,null]],[],["STEREO_CUBEMAP_RENDER_ON","STEREO_INSTANCING_ON","STEREO_MULTIVIEW_ON","UNITY_SINGLE_PASS_STEREO"],[],[[0,0,[],0,1,0,0]],[],0]],[],[["_MainTex",4,0,0,0,0,"",0],["_Color",0,1,1,1,1,"",0]],null,null,0,0,0]},{"id":54,"assetBundleId":-2,"data":[[],"UI/Default",null,["UNITY_UI_ALPHACLIP","UNITY_UI_CLIP_RECT","STEREO_CUBEMAP_RENDER_ON","STEREO_INSTANCING_ON","STEREO_MULTIVIEW_ON","UNITY_SINGLE_PASS_STEREO","_"],[[0,0,"Default",0,"",0,[0,"unity_GUIZTestMode"],[0,null],[0,null],[[1,null],[10,null],[0,null]],[[1,null],[10,null],[0,null]],[0,"_ColorMask"],[0,null],[0,null],[0,"_Stencil"],[0,"_StencilReadMask"],[0,"_StencilWriteMask"],[[0,"_StencilOp"],[0,null],[0,null],[0,"_StencilComp"]],[[0,null],[0,null],[0,null],[8,null]],[[0,null],[0,null],[0,null],[8,null]],[["CanUseSpriteAtlas","true"],["IGNOREPROJECTOR","true"],["PreviewType","Plane"],["QUEUE","Transparent"],["RenderType","Transparent"]],["STEREO_CUBEMAP_RENDER_ON","STEREO_INSTANCING_ON","STEREO_MULTIVIEW_ON","UNITY_SINGLE_PASS_STEREO","UNITY_UI_ALPHACLIP","UNITY_UI_CLIP_RECT","_"],[[["_","UNITY_UI_CLIP_RECT"],1],[["_","UNITY_UI_ALPHACLIP"],1]],[[0,0,[],2,3,0,0],[0,0,["UNITY_UI_ALPHACLIP"],2,4,0,0],[0,0,["UNITY_UI_CLIP_RECT"],2,5,0,0],[0,0,["UNITY_UI_ALPHACLIP","UNITY_UI_CLIP_RECT"],2,6,0,0]],[],0]],[],[["_MainTex",4,0,0,0,0,"white",2],["_Color",0,1,1,1,1,"",0],["_StencilComp",2,8,0,0,0,"",0],["_Stencil",2,0,0,0,0,"",0],["_StencilOp",2,0,0,0,0,"",0],["_StencilWriteMask",2,255,0,0,0,"",0],["_StencilReadMask",2,255,0,0,0,"",0],["_ColorMask",2,15,0,0,0,"",0],["_UseUIAlphaClip",2,0,0,0,0,"",0]],null,null,0,0,0]},{"id":52,"assetBundleId":-2,"data":[[],"Sprites/Default",null,["PIXELSNAP_ON","ETC1_EXTERNAL_ALPHA","INSTANCING_ON","STEREO_CUBEMAP_RENDER_ON","STEREO_INSTANCING_ON","STEREO_MULTIVIEW_ON","UNITY_SINGLE_PASS_STEREO","_","__"],[[0,0,"",0,"",0,[4,null],[0,null],[0,null],[[1,null],[10,null],[0,null]],[[1,null],[10,null],[0,null]],[15,null],[0,null],[0,null],[0,null],[255,null],[255,null],[[0,null],[0,null],[0,null],[8,null]],[[0,null],[0,null],[0,null],[8,null]],[[0,null],[0,null],[0,null],[8,null]],[["CanUseSpriteAtlas","true"],["IGNOREPROJECTOR","true"],["PreviewType","Plane"],["QUEUE","Transparent"],["RenderType","Transparent"]],["ETC1_EXTERNAL_ALPHA","INSTANCING_ON","PIXELSNAP_ON","STEREO_CUBEMAP_RENDER_ON","STEREO_INSTANCING_ON","STEREO_MULTIVIEW_ON","UNITY_SINGLE_PASS_STEREO","_","__"],[[["_","ETC1_EXTERNAL_ALPHA"],1],[["__","INSTANCING_ON"],1],[["_","PIXELSNAP_ON"],1]],[[0,0,[],12,13,0,0],[0,0,["PIXELSNAP_ON"],14,13,0,0]],[],0]],[],[["_MainTex",4,0,0,0,0,"white",2],["_Color",0,1,1,1,1,"",0],["PixelSnap",2,0,0,0,0,"",0],["_RendererColor",0,1,1,1,1,"",1],["_Flip",1,1,1,1,1,"",1],["_AlphaTex",4,0,0,0,0,"white",2],["_EnableExternalAlpha",2,0,0,0,0,"",2]],null,null,0,0,0]}],"resources":[{"id":0,"assetBundleId":-2,"data":[[["unity_builtin_extra",0,52],["unity_builtin_extra",6,58],["unity_builtin_extra",0,54],["fonts & materials/liberationsans sdf",36,36660],["fonts & materials/liberationsans sdf",6,36708],["fonts & materials/liberationsans sdf",38,36702],["sprite assets/emojione",6,36670],["sprite assets/emojione",39,36672],["style sheets/default style sheet",40,36682],["linebreaking leading characters",41,36704],["linebreaking following characters",41,36706],["tmp settings",37,36700]],[36558,35986,36570,35986,36572,35986,36574,35986,36586,35986,36588,35986,36590,35986,43482,43674,-290662,43674,-290668,43674,-290674,43674,36578,35986,-290670,43674,-290676,43674,-290664,43674,36580,35986,43798,43674,-291630,43674,-291636,43674,-291642,43674,-291638,43674,-291644,43674,-291632,43674,43640,43674,-291174,43674,-291180,43674,-291186,43674,-291182,43674,-291188,43674,-291176,43674,43518,43674,-290830,43674,-290836,43674,-290842,43674,-290838,43674,-290844,43674,-290832,43674,43560,43674,-290958,43674,-290964,43674,-290970,43674,-290966,43674,-290972,43674,-290960,43674,43396,43674,-290382,43674,-290388,43674,-290394,43674,-290390,43674,-290396,43674,-290384,43674,43344,43674,-290166,43674,-290172,43674,-290178,43674,-290174,43674,-290180,43674,-290168,43674,43828,43674,-291750,43674,-291756,43674,-291762,43674,-291758,43674,-291764,43674,-291752,43674,43696,43674,-291294,43674,-291300,43674,-291306,43674,-291302,43674,-291308,43674,-291296,43674,43420,43674,-290478,43674,-290484,43674,-290490,43674,-290486,43674,-290492,43674,-290480,43674,43506,43674,-290782,43674,-290788,43674,-290794,43674,-290790,43674,-290796,43674,-290784,43674,43746,43674,-291510,43674,-291516,43674,-291522,43674,-291518,43674,-291524,43674,-291512,43674,43404,43674,-290430,43674,-290436,43674,-290442,43674,-290438,43674,-290444,43674,-290432,43674,43498,43674,-290734,43674,-290740,43674,-290746,43674,-290742,43674,-290748,43674,-290736,43674,43810,43674,-291702,43674,-291708,43674,-291714,43674,-291710,43674,-291716,43674,-291704,43674,43700,43674,-291318,43674,-291324,43674,-291330,43674,-291326,43674,-291332,43674,-291320,43674,43692,43674,-291270,43674,-291276,43674,-291282,43674,-291278,43674,-291284,43674,-291272,43674,43564,43674,-290982,43674,-290988,43674,-290994,43674,-290990,43674,-290996,43674,-290984,43674,43316,43674,-290046,43674,-290052,43674,-290058,43674,-290054,43674,-290060,43674,-290048,43674,43424,43674,-290502,43674,-290508,43674,-290514,43674,-290510,43674,-290516,43674,-290504,43674,43604,43674,-291030,43674,-291036,43674,-291042,43674,-291038,43674,-291044,43674,-291032,43674,43636,43674,-291150,43674,-291156,43674,-291162,43674,-291158,43674,-291164,43674,-291152,43674,43502,43674,-290758,43674,-290764,43674,-290770,43674,-290766,43674,-290772,43674,-290760,43674,43364,43674,-290262,43674,-290268,43674,-290274,43674,-290270,43674,-290276,43674,-290264,43674,43348,43674,-290190,43674,-290196,43674,-290202,43674,-290198,43674,-290204,43674,-290192,43674,43328,43674,-290118,43674,-290124,43674,-290130,43674,-290126,43674,-290132,43674,-290120,43674,43292,43674,-289998,43674,-290004,43674,-290010,43674,-290006,43674,-290012,43674,-290000,43674,43734,43674,-291438,43674,-291444,43674,-291450,43674,-291446,43674,-291452,43674,-291440,43674,43472,43674,-290630,43674,-290636,43674,-290642,43674,-290638,43674,-290644,43674,-290632,43674,43352,43674,-290214,43674,-290220,43674,-290226,43674,-290222,43674,-290228,43674,-290216,43674,43538,43674,-290886,43674,-290892,43674,-290898,43674,-290894,43674,-290900,43674,-290888,43674,43400,43674,-290406,43674,-290412,43674,-290418,43674,-290414,43674,-290420,43674,-290408,43674,43324,43674,-290094,43674,-290100,43674,-290106,43674,-290102,43674,-290108,43674,-290096,43674,43632,43674,-291126,43674,-291132,43674,-291138,43674,-291134,43674,-291140,43674,-291128,43674,43450,43674,-290574,43674,-290580,43674,-290586,43674,-290582,43674,-290588,43674,-290576,43674,43618,43674,-291078,43674,-291084,43674,-291090,43674,-291086,43674,-291092,43674,-291080,43674,43534,43674,-290862,43674,-290868,43674,-290874,43674,-290870,43674,-290876,43674,-290864,43674,43550,43674,-290934,43674,-290940,43674,-290946,43674,-290942,43674,-290948,43674,-290936,43674,43802,43674,-291654,43674,-291660,43674,-291666,43674,-291662,43674,-291668,43674,-291656,43674,43644,43674,-291198,43674,-291204,43674,-291210,43674,-291206,43674,-291212,43674,-291200,43674,43738,43674,-291462,43674,-291468,43674,-291474,43674,-291470,43674,-291476,43674,-291464,43674,43486,43674,-290686,43674,-290692,43674,-290698,43674,-290694,43674,-290700,43674,-290688,43674,43742,43674,-291486,43674,-291492,43674,-291498,43674,-291494,43674,-291500,43674,-291488,43674,43814,43674,-291726,43674,-291732,43674,-291738,43674,-291734,43674,-291740,43674,-291728,43674,43392,43674,-290358,43674,-290364,43674,-290370,43674,-290366,43674,-290372,43674,-290360,43674,43340,43674,-290142,43674,-290148,43674,-290154,43674,-290150,43674,-290156,43674,-290144,43674,43372,43674,-290310,43674,-290316,43674,-290322,43674,-290318,43674,-290324,43674,-290312,43674,43750,43674,-291534,43674,-291540,43674,-291546,43674,-291542,43674,-291548,43674,-291536,43674,43712,43674,-291366,43674,-291372,43674,-291378,43674,-291374,43674,-291380,43674,-291368,43674,43704,43674,-291342,43674,-291348,43674,-291354,43674,-291350,43674,-291356,43674,-291344,43674,43296,43674,-290022,43674,-290028,43674,-290034,43674,-290030,43674,-290036,43674,-290024,43674,43774,43674,-291598,43674,-291604,43674,-291610,43674,-291606,43674,-291612,43674,-291600,43674,43568,43674,-291006,43674,-291012,43674,-291018,43674,-291014,43674,-291020,43674,-291008,43674,43668,43674,-291222,43674,-291228,43674,-291234,43674,-291230,43674,-291236,43674,-291224,43674,43368,43674,-290286,43674,-290292,43674,-290298,43674,-290294,43674,-290300,43674,-290288,43674,43462,43674,-290598,43674,-290604,43674,-290610,43674,-290606,43674,-290612,43674,-290600,43674,43320,43674,-290070,43674,-290076,43674,-290082,43674,-290078,43674,-290084,43674,-290072,43674,43546,43674,-290910,43674,-290916,43674,-290922,43674,-290918,43674,-290924,43674,-290912,43674,43408,43674,-290454,43674,-290460,43674,-290466,43674,-290462,43674,-290468,43674,-290456,43674,43682,43674,-291246,43674,-291252,43674,-291258,43674,-291254,43674,-291260,43674,-291248,43674,43730,43674,-291414,43674,-291420,43674,-291426,43674,-291422,43674,-291428,43674,-291416,43674,43376,43674,-290334,43674,-290340,43674,-290346,43674,-290342,43674,-290348,43674,-290336,43674,43716,43674,-291390,43674,-291396,43674,-291402,43674,-291398,43674,-291404,43674,-291392,43674,43622,43674,-291102,43674,-291108,43674,-291114,43674,-291110,43674,-291116,43674,-291104,43674,43614,43674,-291054,43674,-291060,43674,-291066,43674,-291062,43674,-291068,43674,-291056,43674,43806,43674,-291678,43674,-291684,43674,-291690,43674,-291686,43674,-291692,43674,-291680,43674,43442,43674,-290550,43674,-290556,43674,-290562,43674,-290558,43674,-290564,43674,-290552,43674,43360,43674,-290238,43674,-290244,43674,-290250,43674,-290246,43674,-290252,43674,-290240,43674,43494,43674,-290710,43674,-290716,43674,-290722,43674,-290718,43674,-290724,43674,-290712,43674,43510,43674,-290806,43674,-290812,43674,-290818,43674,-290814,43674,-290820,43674,-290808,43674,43770,43674,-291574,43674,-291580,43674,-291586,43674,-291582,43674,-291588,43674,-291576,43674,43438,43674,-290526,43674,-290532,43674,-290538,43674,-290534,43674,-290540,43674,-290528,43674,36562,35984,36592,35984,43834,43684,36596,35984,-291770,43684,36566,35984,43468,43684,-290618,43684,43530,43684,-290850,43684,43762,43684,-291562,43684,43478,43684,-290650,43684,43756,43684,-291554,43684,43786,43684,-291618,43684,43832,43684,43466,43684,43528,43684,43760,43684,43476,43684,43754,43684,43784,43684]]}],"project-settings":[{"id":-1,"assetBundleId":-2,"data":[[["UnityEngine.U2D.CinemachinePixelPerfect",-1],["UnityEngine.EventSystems.EventSystem",-1000],["UnityEngine.UI.ToggleGroup",10],["TMPro.TextMeshPro",-105],["TMPro.TextMeshProUGUI",-100],["TMPro.TextContainer",-110]],[[0,"Default",0]],[[0,"Default"],[1,"TransparentFX"],[2,"Ignore Raycast"],[4,"Water"],[5,"UI"]],[0.0199999995529652,0.333333343267441,1,0.0299999993294477],[0,-9.8100004196167,0,6,2,0,1,[[0,0,0],[0,0,1],[0,0,2],[0,0,4],[0,0,5],[0,1,0],[0,1,1],[0,1,2],[0,1,4],[0,1,5],[0,2,0],[0,2,1],[0,2,2],[0,2,4],[0,2,5],[0,4,0],[0,4,1],[0,4,2],[0,4,4],[0,4,5],[0,5,0],[0,5,1],[0,5,2],[0,5,4],[0,5,5]]],[null,null,0,-9.8100004196167,3,8,1,0.200000002980232,8,100,360,0.200000002980232,0.75,0.5,0.00999999977648258,2,0.00999999977648258,1,1,1,1,1,0,[[0,0,0],[0,0,1],[0,0,2],[0,0,4],[0,0,5],[0,1,0],[0,1,1],[0,1,2],[0,1,4],[0,1,5],[0,2,0],[0,2,1],[0,2,2],[0,2,4],[0,2,5],[0,4,0],[0,4,1],[0,4,2],[0,4,4],[0,4,5],[0,5,0],[0,5,1],[0,5,2],[0,5,4],[0,5,5]]],[[[[],["Very Low"],0,0,0,0.300000011920929,1,15,0,1,0,0,0,0,0,1,2,4,0,0,0.333333343267441,0.0666666701436043,0.200000002980232,0.466666668653488,0,0,16,2,0,3,512,0,1,2,512,1,1024,0]],["Very Low"],0,0,0,0.300000011920929,1,15,0,1,0,0,0,0,0,1,2,4,0,0,0.333333343267441,0.0666666701436043,0.200000002980232,0.466666668653488,0,0,16,2,0,3,512,0,1,2,512,1,1024,0],0,0,0,2,0,["Untagged","Respawn","Finish","EditorOnly","MainCamera","Player","GameController"]]}]}